index,CategorizationThreat,MoralityThreat,CompetenceThreat,RealisticThreat,SymbolicThreat,Disparagement,OpportunityHarm
0,0,0,0,0,0,0,0
1,1,0,1,1,1,0,1
2,1,0,1,0,0,0,1
3,0,0,0,0,0,0,0
4,1,0,1,0,0,0,0
5,0,0,0,0,0,0,0
6,1,0,1,0,0,0,1
7,1,0,0,0,0,0,1
8,0,0,0,0,0,0,0
9,0,0,0,0,0,0,0
10,0,0,0,0,0,0,0
11,1,0,0,0,0,0,0
12,0,0,0,0,0,0,0
13,0,0,0,0,0,0,0
14,1,0,1,0,0,0,1
15,0,0,0,0,0,0,0
16,0,0,0,0,0,0,0
17,0,0,0,0,0,0,0
18,1,0,0,0,0,0,1
19,0,0,0,0,0,0,0
20,1,0,1,1,1,1,1
21,0,0,0,0,0,0,0
22,0,0,0,0,0,0,0
23,1,0,0,0,0,0,0
24,0,0,0,0,0,0,0
25,1,0,1,0,0,0,0
26,1,0,0,0,0,0,1
27,0,0,0,0,0,0,0
28,1,1,1,1,1,1,1
29,1,0,1,1,1,0,1
30,0,0,0,0,0,0,0
31,1,0,0,0,0,0,0
32,1,0,1,0,0,0,1
33,1,0,1,0,0,0,1
34,0,0,0,0,0,0,0
35,0,0,0,0,0,0,0
36,1,0,0,0,0,0,1
37,1,0,1,1,1,0,1
38,0,0,0,0,0,0,0
39,1,0,0,0,0,0,0
40,0,0,0,0,0,0,0
41,1,0,0,0,1,0,1
42,0,0,0,0,0,0,0
43,1,0,0,0,0,0,0
44,0,0,0,0,0,0,0
45,1,0,1,1,0,0,1
46,1,0,1,0,0,0,1
47,1,0,1,0,0,0,1
48,1,0,0,0,0,0,0
49,1,0,1,0,0,0,1
50,1,0,0,0,0,0,1
51,1,1,1,1,1,1,1
52,1,0,1,1,1,0,1
53,1,0,1,0,0,0,1
54,0,0,0,0,0,0,0
55,1,0,1,0,0,0,0
56,1,0,0,0,0,0,0
57,0,0,0,0,0,0,0
58,1,0,1,0,0,0,1
59,1,0,1,0,0,0,0
60,0,0,0,0,0,0,0
61,1,0,1,0,0,0,1
62,0,0,0,0,0,0,0
63,0,0,0,0,0,0,0
64,0,0,0,0,0,0,0
65,1,0,1,0,0,0,0
66,1,0,1,0,0,0,1
67,1,0,1,0,1,0,1
68,1,0,0,0,0,0,1
69,1,0,1,0,0,0,1
70,0,0,0,0,0,0,0
71,1,0,1,0,0,0,1
72,1,0,0,0,0,0,0
73,1,0,0,0,0,0,0
74,0,0,0,0,0,0,0
75,1,0,0,0,0,0,1
76,1,0,0,0,0,0,0
77,1,0,1,0,0,0,1
78,1,0,1,1,0,0,1
79,1,0,0,0,0,0,0
80,0,0,0,0,0,0,0
81,1,0,1,1,1,0,1
82,1,0,1,0,0,0,1
83,0,0,0,0,0,0,0
84,1,0,1,1,1,0,1
85,1,0,1,0,0,0,1
86,1,0,1,0,1,0,1
87,1,0,0,0,0,0,0
88,1,0,1,0,1,0,1
89,1,0,1,0,0,0,1
90,1,0,0,0,1,1,1
91,1,0,1,0,0,0,0
92,1,0,1,0,1,0,1
93,1,0,0,0,0,0,0
94,1,0,0,0,0,0,1
95,0,0,0,0,0,0,0
96,1,0,0,0,0,0,0
97,1,0,1,0,0,0,1
98,0,0,0,0,0,0,0
99,0,0,0,0,0,0,0
100,1,0,1,0,0,0,1
101,0,0,0,0,0,0,0
102,1,0,1,0,0,0,1
103,0,0,0,0,0,0,0
104,1,0,0,0,0,0,0
105,1,0,1,0,1,0,1
106,0,0,0,0,0,0,0
107,1,0,0,0,0,0,0
108,0,0,0,0,0,0,0
109,0,0,0,0,0,0,0
110,0,0,0,0,0,0,0
111,0,0,0,0,0,0,0
112,0,0,0,0,0,0,0
113,1,0,1,0,0,0,1
114,0,0,0,0,0,0,0
115,1,0,0,0,0,0,0
116,1,0,0,0,0,0,1
117,1,0,1,0,0,0,1
118,0,0,0,0,0,0,0
119,1,0,0,0,0,0,0
120,1,0,1,1,0,0,1
121,0,0,0,0,0,0,0
122,0,0,0,0,0,0,0
123,0,0,0,0,0,0,0
124,1,0,1,0,0,0,1
125,0,0,0,0,0,0,0
126,1,0,1,0,0,0,1
127,1,0,1,0,0,0,1
128,0,0,0,0,0,0,0
129,1,0,1,0,0,0,1
130,0,0,0,0,0,0,0
131,1,0,1,0,0,0,1
132,0,0,0,0,0,0,0
133,1,0,1,0,0,0,1
134,0,0,0,0,0,0,0
135,1,0,1,1,0,0,1
136,0,0,0,0,0,0,0
137,0,0,0,0,0,0,0
138,1,0,1,0,0,0,0
139,0,0,0,0,0,0,0
140,0,0,0,0,0,0,0
141,1,0,0,0,0,0,1
142,1,0,0,0,0,0,0
143,1,0,1,0,0,0,1
144,1,0,1,0,0,0,1
145,1,0,1,0,0,0,1
146,1,0,1,0,0,0,1
147,1,0,1,0,0,0,1
148,1,0,1,1,1,0,1
149,1,0,1,0,0,0,1
150,0,0,0,0,0,0,0
151,1,0,0,0,0,0,0
152,0,0,0,0,0,0,0
153,1,0,0,0,0,0,0
154,0,0,0,0,0,0,0
155,0,0,0,0,0,0,0
156,0,0,0,0,0,0,0
157,0,0,0,0,0,0,0
158,1,0,1,1,1,0,1
159,0,0,0,0,0,0,0
160,0,0,0,0,0,0,0
161,0,0,0,0,0,0,0
162,0,0,0,0,0,0,0
163,1,0,1,0,0,0,1
164,1,0,1,0,0,0,1
165,0,0,0,0,0,0,0
166,0,0,0,0,0,0,0
167,1,0,0,0,0,0,0
168,0,0,0,0,0,0,0
169,0,0,0,0,0,0,0
170,1,0,1,0,0,0,1
171,0,0,0,0,0,0,0
172,0,0,0,0,0,0,0
173,0,0,0,0,0,0,0
174,1,0,1,0,0,0,1
175,0,0,0,0,0,0,0
176,0,0,0,0,0,0,0
177,0,0,0,0,0,0,0
178,0,0,0,0,0,0,0
179,1,0,0,0,0,0,0
180,0,0,0,0,0,0,0
181,0,0,0,0,0,0,0
182,0,0,0,0,0,0,0
183,1,0,1,0,0,0,1
184,0,0,0,0,0,0,0
185,1,0,1,0,0,0,1
186,1,0,1,0,0,0,1
187,1,0,1,1,0,0,1
188,1,0,1,0,0,0,1
189,1,0,1,0,0,0,1
190,0,0,0,0,0,0,0
191,0,0,0,0,0,0,0
192,0,0,0,0,0,0,0
193,1,0,1,0,0,0,1
194,1,0,0,0,0,0,0
195,1,0,1,1,1,0,1
196,0,0,0,0,0,0,0
197,1,0,1,1,1,0,1
198,1,0,1,1,1,0,1
199,1,0,1,0,1,1,1
200,1,0,1,0,0,0,1
201,1,0,1,1,0,0,1
202,1,0,1,0,0,0,0
203,1,0,0,0,0,0,0
204,1,0,0,0,0,0,0
205,0,0,0,0,0,0,0
206,0,0,0,0,0,0,0
207,1,0,0,0,0,0,0
208,0,0,0,0,0,0,0
209,0,0,0,0,0,0,0
210,1,0,0,0,0,0,0
211,1,0,0,0,0,0,0
212,0,0,0,0,0,0,0
213,1,0,0,0,0,0,0
214,1,0,1,0,0,0,0
215,1,0,1,0,0,0,1
216,1,0,1,1,0,0,1
217,1,0,1,0,0,0,1
218,1,0,1,0,0,0,1
219,1,0,1,0,0,0,1
220,1,0,1,0,0,0,1
221,0,0,0,0,0,0,0
222,0,0,0,0,0,0,0
223,1,0,1,0,0,0,1
224,0,0,0,0,0,0,0
225,1,0,0,0,0,0,1
226,0,0,0,0,0,0,0
227,0,0,0,0,0,0,0
228,1,0,1,0,0,0,0
229,0,0,0,0,0,0,0
230,0,0,0,0,0,0,0
231,0,0,0,0,0,0,0
232,0,0,0,0,0,0,0
233,0,0,0,0,0,0,0
234,1,0,1,0,0,0,1
235,0,0,0,0,0,0,0
236,1,0,1,0,0,0,1
237,0,0,0,0,0,0,0
238,0,0,0,0,0,0,0
239,1,0,1,0,0,0,0
240,0,0,0,0,0,0,0
241,1,0,1,1,0,0,1
242,1,0,1,0,0,0,1
243,1,0,1,0,0,0,0
244,1,0,0,0,0,0,0
245,1,0,0,0,0,0,1
246,1,0,1,0,0,0,0
247,1,0,0,0,0,0,0
248,1,0,0,1,0,0,1
249,1,0,0,1,0,0,1
250,1,1,1,1,1,1,1
251,1,0,1,1,1,0,1
252,1,0,1,1,0,0,1
253,0,0,0,0,0,0,0
254,1,0,1,0,0,0,0
255,0,0,0,0,0,0,0
256,0,0,0,0,0,0,0
257,0,0,0,0,0,0,0
258,0,0,0,0,0,0,0
259,1,0,0,0,0,0,0
260,0,0,0,0,0,0,0
261,0,0,0,0,0,0,0
262,0,0,0,0,0,0,0
263,0,0,0,0,0,0,0
264,0,0,0,0,0,0,0
265,1,0,1,1,0,0,1
266,1,0,0,0,0,0,0
267,1,0,0,0,0,0,1
268,1,0,0,0,0,0,0
269,1,0,1,1,0,0,1
270,1,0,1,0,0,0,1
271,1,0,1,1,0,0,1
272,1,1,1,1,1,1,1
273,1,0,1,0,1,0,1
274,1,0,1,0,0,0,1
275,1,0,0,0,0,0,1
276,1,0,0,0,0,0,0
277,1,0,0,0,0,0,1
278,1,0,0,0,0,0,0
279,1,0,1,0,0,0,1
280,1,0,0,0,0,0,1
281,1,0,1,0,0,0,1
282,1,0,0,0,0,0,0
283,1,0,1,0,1,0,1
284,1,0,0,0,0,0,0
285,0,0,0,0,0,0,0
286,0,0,0,0,0,0,0
287,0,0,0,0,0,0,0
288,0,0,0,0,0,0,0
289,0,0,0,0,0,0,0
290,1,0,1,0,0,0,1
291,1,0,0,0,0,0,0
292,0,0,0,0,0,0,0
293,0,0,0,0,0,0,0
294,0,0,0,0,0,0,0
295,1,0,1,0,0,0,1
296,1,0,0,0,0,0,0
297,1,0,1,0,1,0,1
298,1,0,0,0,0,0,0
299,1,0,0,0,0,0,0
300,1,0,0,0,0,0,1
301,1,0,0,0,0,0,0
302,1,0,0,0,0,0,0
303,1,0,0,0,0,0,0
304,1,0,1,0,0,0,0
305,1,0,0,0,0,0,0
306,1,0,0,0,0,0,0
307,1,0,0,0,0,0,1
308,0,0,0,0,0,0,0
309,0,0,0,0,0,0,0
310,1,0,1,0,1,0,1
311,0,0,0,0,0,0,0
312,0,0,0,0,0,0,0
313,1,0,0,0,0,0,0
314,0,0,0,0,0,0,0
315,0,0,0,0,0,0,0
316,0,0,0,0,0,0,0
317,1,0,1,0,0,0,0
318,0,0,0,0,0,0,0
319,0,0,0,0,0,0,0
320,0,0,0,0,0,0,0
321,0,0,0,0,0,0,0
322,1,0,0,0,0,0,0
323,1,0,0,0,0,0,0
324,0,0,0,0,0,0,0
325,1,1,1,1,1,1,1
326,1,0,1,0,1,0,1
327,1,0,0,0,0,0,1
328,1,0,1,0,0,0,1
329,0,0,0,0,0,0,0
330,1,0,0,0,0,0,0
331,0,0,0,0,0,0,0
332,1,0,1,0,0,0,1
333,1,0,1,0,0,0,1
334,0,0,0,0,0,0,0
335,1,0,1,0,0,0,1
336,0,0,0,0,0,0,0
337,0,0,0,0,0,0,0
338,0,0,0,0,0,0,0
339,0,0,0,0,0,0,0
340,0,0,0,0,0,0,0
341,0,0,0,0,0,0,0
342,0,0,0,0,0,0,0
343,0,0,0,0,0,0,0
344,0,0,0,0,0,0,0
345,0,0,0,0,0,0,0
346,1,0,1,0,0,0,1
347,1,0,1,0,0,0,0
348,1,0,1,0,1,0,1
349,1,0,1,1,0,0,1
350,1,0,1,0,0,0,1
351,1,0,1,0,0,0,1
352,1,0,0,0,0,0,0
353,1,0,1,0,0,0,1
354,1,0,1,0,0,0,1
355,1,0,1,0,0,0,1
356,1,0,1,0,0,0,1
357,1,0,1,1,1,0,1
358,1,0,1,1,1,0,1
359,1,0,0,0,0,0,0
360,1,0,1,0,0,0,0
361,1,0,1,0,0,0,1
362,1,0,0,1,1,0,1
363,1,0,1,0,0,1,1
364,1,0,1,0,1,0,1
365,1,0,0,0,0,0,0
366,0,0,0,0,0,0,0
367,0,0,0,0,0,0,0
368,1,0,1,0,0,0,1
369,1,0,0,0,0,0,0
370,0,0,0,0,0,0,0
371,1,0,0,0,0,0,0
372,0,0,0,0,0,0,0
373,0,0,0,0,0,0,0
374,1,0,0,0,0,0,0
375,1,0,1,1,0,0,1
376,1,0,1,1,0,0,1
377,1,0,1,0,1,0,1
378,1,0,1,0,0,0,1
379,1,0,1,1,0,0,1
380,1,0,1,0,0,0,1
381,1,0,1,1,0,0,1
382,1,0,0,1,0,0,0
383,1,0,0,0,0,0,0
384,1,0,0,0,0,0,0
385,1,0,1,0,0,0,1
386,1,0,1,0,0,0,1
387,0,0,0,0,0,0,0
388,0,0,0,0,0,0,0
389,0,0,0,0,0,0,0
390,0,0,0,0,0,0,0
391,0,0,0,0,0,0,0
392,0,0,0,0,0,0,0
393,0,0,0,0,0,0,0
394,1,0,1,0,0,0,1
395,0,0,0,0,0,0,0
396,1,0,0,0,0,0,1
397,0,0,0,0,0,0,0
398,0,0,0,0,0,0,0
399,0,0,0,0,0,0,0
400,0,0,0,0,0,0,0
401,0,0,0,0,0,0,0
402,1,0,0,0,0,0,0
403,1,0,1,0,0,0,1
404,1,0,0,1,0,0,1
405,1,0,0,0,0,0,0
406,1,0,0,0,0,0,1
407,1,0,1,0,0,0,1
408,1,0,1,0,0,0,1
409,0,0,0,0,0,0,0
410,1,0,1,0,0,0,1
411,1,0,1,0,0,0,1
412,1,0,1,0,0,0,1
413,0,0,0,0,0,0,0
414,1,0,1,1,0,0,1
415,1,1,1,1,1,1,1
416,0,0,0,0,0,0,0
417,0,0,0,0,0,0,0
418,1,0,1,0,1,0,1
419,1,1,1,1,1,1,1
420,1,0,1,0,0,1,1
421,1,0,1,1,1,0,1
422,0,0,0,0,0,0,0
423,1,0,0,0,0,0,0
424,1,0,0,0,0,0,0
425,1,0,0,0,0,0,0
426,1,0,0,0,0,0,0
427,1,0,0,0,0,0,0
428,1,0,1,0,0,0,1
429,0,0,0,0,0,0,0
430,1,0,1,1,0,0,1
431,1,0,1,1,0,0,1
432,1,0,0,0,0,0,0
433,1,0,0,0,0,0,0
434,1,0,0,0,0,0,1
435,1,0,0,0,0,0,0
436,1,0,1,0,0,0,1
437,1,0,1,1,0,0,1
438,1,0,1,0,0,0,1
439,1,0,0,0,0,0,0
440,1,0,0,0,0,0,0
441,1,0,1,0,1,0,1
442,1,0,1,0,0,0,0
443,0,0,0,0,0,0,0
444,0,0,0,0,0,0,0
445,0,0,0,0,0,0,0
446,0,0,0,0,0,0,0
447,0,0,0,0,0,0,0
448,1,0,1,0,0,0,1
449,0,0,0,0,0,0,0
450,1,0,0,0,0,0,1
451,1,0,0,0,0,0,0
452,1,0,1,0,0,0,1
453,0,0,0,0,0,0,0
454,0,0,0,0,0,0,0
455,0,0,0,0,0,0,0
456,0,0,0,0,0,0,0
457,0,0,0,0,0,0,0
458,1,0,1,0,1,0,1
459,1,0,0,1,0,0,1
460,1,0,0,0,0,0,0
461,1,0,0,0,0,0,1
462,1,0,0,0,0,0,1
463,1,0,1,0,0,0,1
464,1,0,0,0,0,0,0
465,1,0,1,0,0,0,1
466,1,0,1,0,0,0,1
467,0,0,0,0,0,0,0
468,1,0,0,1,0,0,1
469,1,0,1,0,0,0,1
470,1,0,0,1,1,0,1
471,1,0,0,0,0,0,0
472,1,0,1,0,1,0,1
473,1,0,1,0,1,0,1
474,0,0,0,0,0,0,0
475,1,0,0,0,0,0,1
476,1,0,1,0,1,0,1
477,1,0,0,0,0,0,0
478,0,0,0,0,0,0,0
479,1,0,0,0,0,0,0
480,0,0,0,0,0,0,0
481,0,0,0,0,0,0,0
482,0,0,0,0,0,0,0
483,0,0,0,0,0,0,0
484,0,0,0,0,0,0,0
485,0,0,0,0,0,0,0
486,1,0,0,0,0,0,0
487,1,1,1,1,1,1,1
488,1,1,1,1,1,1,1
489,1,0,1,0,0,0,1
490,0,0,0,0,0,0,0
491,1,0,1,0,1,0,1
492,1,1,1,1,1,1,1
493,1,0,1,1,0,0,1
494,0,0,0,0,0,0,0
495,1,0,0,0,0,0,0
496,0,0,0,0,0,0,0
497,0,0,0,0,0,0,0
498,0,0,0,0,0,0,0
499,1,0,1,0,0,0,1
500,0,0,0,0,0,0,0
501,1,0,0,0,0,0,0
502,0,0,0,0,0,0,0
503,1,0,0,0,0,0,0
504,0,0,0,0,0,0,0
505,0,0,0,0,0,0,0
506,0,0,0,0,0,0,0
507,1,0,1,0,0,0,1
508,0,0,0,0,0,0,0
509,0,0,0,0,0,0,0
510,1,0,1,0,0,0,1
511,0,0,0,0,0,0,0
512,0,0,0,0,0,0,0
513,0,0,0,0,0,0,0
514,1,0,0,0,0,0,0
515,1,0,1,0,0,0,0
516,1,0,1,0,0,0,1
517,1,0,1,0,0,0,1
518,1,0,0,0,0,0,0
519,1,0,0,0,0,0,1
520,1,0,0,0,0,0,1
521,0,0,0,0,0,0,0
522,1,0,0,0,0,0,0
523,1,0,1,1,1,0,1
524,1,0,1,0,0,0,1
525,1,0,1,0,0,0,0
526,1,0,1,1,0,0,1
527,0,0,0,0,0,0,0
528,1,0,0,0,0,0,0
529,0,0,0,0,0,0,0
530,0,0,0,0,0,0,0
531,0,0,0,0,0,0,0
532,0,0,0,0,0,0,0
533,0,0,0,0,0,0,0
534,0,0,0,0,0,0,0
535,0,0,0,0,0,0,0
536,1,0,0,0,0,0,0
537,0,0,0,0,0,0,0
538,1,0,0,0,0,0,0
539,1,0,1,1,0,0,1
540,1,0,1,1,0,0,1
541,1,0,1,0,0,0,1
542,1,0,1,0,0,0,1
543,1,0,1,1,0,0,1
544,1,0,1,0,0,0,1
545,1,0,1,1,0,0,1
546,1,0,1,0,0,0,1
547,1,0,1,0,0,0,1
548,0,0,0,0,0,0,0
549,0,0,0,0,0,0,0
550,1,0,0,0,0,0,1
551,0,0,0,0,0,0,0
552,1,0,1,0,0,0,1
553,0,0,0,0,0,0,0
554,1,0,1,0,0,0,1
555,0,0,0,0,0,0,0
556,0,0,0,0,0,0,0
557,0,0,0,0,0,0,0
558,0,0,0,0,0,0,0
559,1,0,0,0,0,0,1
560,0,0,0,0,0,0,0
561,0,0,0,0,0,0,0
562,1,0,0,0,0,0,0
563,0,0,0,0,0,0,0
564,1,0,0,0,0,0,0
565,1,0,1,0,0,0,1
566,1,0,0,1,0,0,1
567,1,0,1,0,0,0,0
568,1,0,0,0,0,0,0
569,1,0,0,0,0,0,0
570,1,0,0,0,0,0,1
571,1,0,1,0,0,0,1
572,1,0,1,0,0,0,1
573,1,0,1,0,0,0,1
574,1,0,0,0,0,0,0
575,0,0,0,0,0,0,0
576,0,0,0,0,0,0,0
577,1,0,0,0,0,0,0
578,0,0,0,0,0,0,0
579,0,0,0,0,0,0,0
580,0,0,0,0,0,0,0
581,1,0,1,0,1,0,1
582,1,0,1,0,0,0,0
583,0,0,0,0,0,0,0
584,0,0,0,0,0,0,0
585,0,0,0,0,0,0,0
586,0,0,0,0,0,0,0
587,0,0,0,0,0,0,0
588,0,0,0,0,0,0,0
589,0,0,0,0,0,0,0
590,0,0,0,0,0,0,0
591,1,0,0,0,0,0,0
592,1,0,1,1,0,0,1
593,0,0,0,0,0,0,0
594,1,0,1,0,0,0,1
595,1,0,1,1,0,0,1
596,1,0,0,0,0,0,1
597,1,0,1,1,0,0,1
598,1,0,1,0,1,0,1
599,1,0,1,0,0,0,1
600,1,0,0,0,0,0,0
601,0,0,0,0,0,0,0
602,1,0,1,0,0,0,1
603,1,0,1,0,1,0,1
604,1,0,0,1,1,0,1
605,1,0,0,0,1,0,1
606,0,0,0,0,0,0,0
607,0,0,0,0,0,0,0
608,0,0,0,0,0,0,0
609,1,0,0,0,0,0,0
610,1,0,1,0,0,0,1
611,0,0,0,0,0,0,0
612,0,0,0,0,0,0,0
613,0,0,0,0,0,0,0
614,0,0,0,0,0,0,0
615,0,0,0,0,0,0,0
616,1,0,0,0,0,0,0
617,1,0,0,0,0,0,0
618,0,0,0,0,0,0,0
619,0,0,0,0,0,0,0
620,1,0,1,0,0,0,1
621,1,0,0,0,1,0,1
622,1,0,1,0,0,0,1
623,1,0,0,0,0,0,1
624,1,0,0,1,1,0,1
625,1,0,0,0,0,0,0
626,1,0,1,0,0,0,1
627,1,0,1,0,0,0,1
628,1,0,0,0,0,0,1
629,1,0,0,0,0,0,1
630,1,0,1,1,1,0,1
631,1,1,1,1,1,1,1
632,0,0,0,0,0,0,0
633,1,0,1,0,1,0,1
634,1,0,0,0,0,0,0
635,1,0,1,0,1,0,1
636,1,0,1,0,1,0,1
637,1,0,0,0,0,0,0
638,0,0,0,0,0,0,0
639,0,0,0,0,0,0,0
640,0,0,0,0,0,0,0
641,0,0,0,0,0,0,0
642,0,0,0,0,0,0,0
643,0,0,0,0,0,0,0
644,0,0,0,0,0,0,0
645,0,0,0,0,0,0,0
646,0,0,0,0,0,0,0
647,1,0,1,1,0,0,1
648,1,1,1,1,1,1,1
649,1,0,0,0,0,0,0
650,1,0,0,0,0,0,1
651,1,0,1,0,0,0,1
652,1,0,1,1,0,0,1
653,1,0,0,0,0,0,1
654,1,0,1,0,0,0,1
655,0,0,0,0,0,0,0
656,1,0,0,0,0,0,0
657,1,0,0,0,0,0,0
658,1,0,0,0,0,0,0
659,0,0,0,0,0,0,0
660,1,0,0,0,0,0,0
661,1,0,0,0,0,0,1
662,1,0,1,0,0,0,1
663,1,0,0,0,0,0,0
664,1,1,1,1,1,1,1
665,0,0,0,0,0,0,0
666,0,0,0,0,0,0,0
667,0,0,0,0,0,0,0
668,0,0,0,0,0,0,0
669,0,0,0,0,0,0,0
670,1,0,1,0,0,0,1
671,0,0,0,0,0,0,0
672,0,0,0,0,0,0,0
673,1,0,1,0,0,0,1
674,1,0,1,0,0,0,1
675,1,0,0,0,0,0,0
676,1,0,0,0,0,0,0
677,1,0,0,0,0,0,0
678,1,0,0,0,0,0,0
679,1,0,1,0,0,0,1
680,1,0,0,0,0,0,1
681,0,0,0,0,0,0,0
682,1,0,1,0,0,0,1
683,1,0,1,0,0,0,1
684,1,1,1,1,1,1,1
685,1,0,1,0,0,0,1
686,1,0,1,0,0,0,0
687,1,0,1,0,0,0,1
688,0,0,0,0,0,0,0
689,0,0,0,0,0,0,0
690,1,0,1,0,1,0,1
691,1,0,1,0,0,0,1
692,0,0,0,0,0,0,0
693,0,0,0,0,0,0,0
694,0,0,0,0,0,0,0
695,1,0,0,0,0,0,0
696,0,0,0,0,0,0,0
697,0,0,0,0,0,0,0
698,0,0,0,0,0,0,0
699,0,0,0,0,0,0,0
700,1,0,0,0,0,0,0
701,1,0,0,0,0,0,0
702,1,0,0,0,0,0,0
703,1,0,1,0,0,0,1
704,1,0,1,0,0,0,1
705,1,0,1,0,0,0,1
706,1,0,1,0,1,0,1
707,1,0,1,1,0,0,1
708,1,0,0,0,0,0,0
709,1,0,0,0,0,0,1
710,0,0,0,0,0,0,0
711,1,0,0,0,0,0,0
712,1,0,1,0,1,0,1
713,1,0,1,0,0,0,1
714,1,0,0,0,0,0,1
715,0,0,0,0,0,0,0
716,1,0,1,0,1,0,1
717,1,0,0,0,0,0,1
718,1,0,0,0,0,0,0
719,0,0,0,0,0,0,0
720,0,0,0,0,0,0,0
721,0,0,0,0,0,0,0
722,0,0,0,0,0,0,0
723,0,0,0,0,0,0,0
724,0,0,0,0,0,0,0
725,0,0,0,0,0,0,0
726,1,0,0,0,0,0,0
727,1,0,1,0,0,0,1
728,1,0,1,0,0,0,1
729,1,0,1,0,0,0,1
730,1,0,1,0,0,0,1
731,1,0,0,0,0,0,0
732,1,0,0,0,0,0,0
733,1,0,1,0,0,0,1
734,1,0,0,0,0,0,0
735,1,0,1,0,0,0,1
736,0,0,0,0,0,0,0
737,1,0,1,1,1,0,1
738,1,0,1,0,0,0,1
739,1,0,0,0,0,0,0
740,1,0,0,0,0,0,1
741,0,0,0,0,0,0,0
742,1,0,1,0,0,0,1
743,1,0,0,0,0,0,0
744,0,0,0,0,0,0,0
745,0,0,0,0,0,0,0
746,0,0,0,0,0,0,0
747,0,0,0,0,0,0,0
748,0,0,0,0,0,0,0
749,0,0,0,0,0,0,0
750,0,0,0,0,0,0,0
751,1,0,0,0,0,0,0
752,1,0,1,0,0,0,1
753,1,0,1,0,1,0,1
754,1,0,0,0,0,0,0
755,1,0,1,0,1,0,1
756,1,0,1,1,1,0,1
757,1,0,0,0,0,0,1
758,1,0,1,0,0,0,1
759,1,0,1,0,0,0,1
760,1,1,1,0,0,0,1
761,1,0,1,1,1,0,1
762,1,0,1,0,0,0,1
763,0,0,0,0,0,0,0
764,1,0,0,0,0,0,0
765,1,0,1,1,1,0,1
766,1,0,0,0,0,0,0
767,0,0,0,0,0,0,0
768,0,0,0,0,0,0,0
769,0,0,0,0,0,0,0
770,0,0,0,0,0,0,0
771,1,0,0,0,0,0,1
772,1,0,0,0,0,0,0
773,0,0,0,0,0,0,0
774,0,0,0,0,0,0,0
775,0,0,0,0,0,0,0
776,1,0,0,0,0,0,1
777,0,0,0,0,0,0,0
778,0,0,0,0,0,0,0
779,1,0,1,0,0,0,1
780,1,0,0,0,0,0,0
781,1,0,1,0,1,0,1
782,1,0,0,0,0,0,1
783,1,0,1,0,0,0,1
784,1,0,1,0,1,0,1
785,1,0,0,0,0,0,0
786,1,0,0,0,0,0,0
787,1,0,0,0,0,0,0
788,1,0,0,0,0,0,0
789,1,0,0,0,0,0,0
790,1,0,0,0,1,0,1
791,1,0,1,0,1,0,1
792,0,0,0,0,0,0,0
793,0,0,0,0,0,0,0
794,1,0,1,0,0,0,0
795,1,0,0,0,0,0,0
796,0,0,0,0,0,0,0
797,1,0,1,0,0,0,0
798,1,0,0,0,0,0,0
799,0,0,0,0,0,0,0
800,0,0,0,0,0,0,0
801,0,0,0,0,0,0,0
802,0,0,0,0,0,0,0
803,0,0,0,0,0,0,0
804,0,0,0,0,0,0,0
805,0,0,0,0,0,0,0
806,0,0,0,0,0,0,0
807,0,0,0,0,0,0,0
808,0,0,0,0,0,0,0
809,1,0,1,0,0,0,1
810,1,1,1,1,1,1,1
811,1,0,0,0,0,0,1
812,1,0,0,0,0,0,0
813,1,0,0,0,0,0,0
814,1,0,0,0,0,0,1
815,1,0,1,0,1,0,1
816,0,0,0,0,0,0,0
817,1,0,0,0,0,0,1
818,0,0,0,0,0,0,0
819,1,0,0,0,0,0,0
820,1,0,0,0,0,0,0
821,0,0,0,0,0,0,0
822,1,0,0,0,0,0,0
823,0,0,0,0,0,0,0
824,1,0,0,0,1,0,1
825,1,0,1,0,0,0,1
826,1,0,1,0,0,0,1
827,1,0,1,0,1,0,1
828,1,0,1,0,0,0,1
829,1,0,1,0,0,0,1
830,1,0,1,0,0,0,1
831,1,0,1,0,0,0,1
832,1,0,1,0,0,0,1
833,1,0,1,0,0,0,1
834,0,0,0,0,0,0,0
835,1,0,0,0,0,0,0
836,1,0,0,0,0,0,0
837,1,0,0,0,0,0,0
838,0,0,0,0,0,0,0
839,1,0,1,0,0,0,1
840,0,0,0,0,0,0,0
841,0,0,0,0,0,0,0
842,1,0,0,0,0,0,0
843,1,0,1,0,1,0,1
844,1,0,0,0,0,0,0
845,0,0,0,0,0,0,0
846,1,0,1,0,1,0,1
847,0,0,0,0,0,0,0
848,0,0,0,0,0,0,0
849,0,0,0,0,0,0,0
850,1,0,0,0,0,0,1
851,1,0,1,0,0,0,1
852,0,0,0,0,0,0,0
853,1,0,1,0,0,0,1
854,1,0,0,0,0,0,1
855,1,0,1,0,1,0,1
856,1,0,1,0,0,0,1
857,1,0,1,0,0,0,1
858,1,0,1,0,0,0,1
859,0,0,0,0,0,0,0
860,0,0,0,0,0,0,0
861,0,0,0,0,0,0,0
862,0,0,0,0,0,0,0
863,1,0,0,0,0,0,0
864,1,0,1,0,0,0,1
865,1,0,0,0,0,0,0
866,1,0,0,0,1,0,0
867,1,0,0,0,1,0,1
868,1,0,1,0,0,0,1
869,1,0,1,0,1,0,1
870,1,0,1,0,0,0,1
871,1,0,0,0,0,0,0
872,0,0,0,0,0,0,0
873,1,0,0,0,0,0,1
874,0,0,0,0,0,0,0
875,1,0,1,0,0,0,1
876,1,0,1,0,0,0,1
877,0,0,0,0,0,0,0
878,0,0,0,0,0,0,0
879,0,0,0,0,0,0,0
880,1,0,1,0,0,0,1
881,1,0,1,0,0,0,1
882,0,0,0,0,0,0,0
883,0,0,0,0,0,0,0
884,0,0,0,0,0,0,0
885,0,0,0,0,0,0,0
886,1,0,1,0,0,0,1
887,1,0,1,0,0,0,1
888,0,0,0,0,0,0,0
889,0,0,0,0,0,0,0
890,0,0,0,0,0,0,0
891,0,0,0,0,0,0,0
892,0,0,0,0,0,0,0
893,0,0,0,0,0,0,0
894,0,0,0,0,0,0,0
895,0,0,0,0,0,0,0
896,1,0,1,0,0,0,0
897,0,0,0,0,0,0,0
898,0,0,0,0,0,0,0
899,1,0,1,0,0,0,0
900,1,0,1,0,0,0,0
901,1,0,0,0,0,0,0
902,1,0,1,0,0,0,1
903,1,0,1,0,0,0,1
904,0,0,0,0,0,0,0
905,0,0,0,0,0,0,0
906,0,0,0,0,0,0,0
907,0,0,0,0,0,0,0
908,0,0,0,0,0,0,0
909,0,0,0,0,0,0,0
910,0,0,0,0,0,0,0
911,0,0,0,0,0,0,0
912,0,0,0,0,0,0,0
913,1,0,1,0,0,0,0
914,1,0,1,0,0,0,1
915,0,0,0,0,0,0,0
916,1,0,0,0,0,0,0
917,1,0,1,0,0,0,1
918,1,0,0,0,0,0,0
919,0,0,0,0,0,0,0
920,0,0,0,0,0,0,0
921,1,0,1,0,0,0,1
922,1,0,1,0,0,0,1
923,1,0,1,0,0,0,1
924,1,0,1,0,0,0,0
925,1,0,1,0,0,0,0
926,0,0,0,0,0,0,0
927,0,0,0,0,0,0,0
928,1,0,0,0,0,0,0
929,0,0,0,0,0,0,0
930,0,0,0,0,0,0,0
931,0,0,0,0,0,0,0
932,1,0,0,0,0,0,0
933,0,0,0,0,0,0,0
934,1,0,0,0,0,0,0
935,0,0,0,0,0,0,0
936,1,0,0,0,0,0,0
937,1,0,0,0,0,0,1
938,1,0,0,0,0,0,1
939,0,0,0,0,0,0,0
940,0,0,0,0,0,0,0
941,1,0,0,0,0,0,0
942,1,0,1,0,0,0,1
943,1,0,1,0,0,0,1
944,1,0,1,0,0,0,1
945,1,0,1,0,0,0,1
946,0,0,0,0,0,0,0
947,1,0,1,0,0,0,0
948,1,0,1,0,0,0,1
949,1,0,0,0,0,0,0
950,1,0,1,0,0,0,1
951,1,0,1,1,1,1,1
952,1,1,1,1,1,1,1
953,1,0,1,1,0,0,1
954,1,0,1,1,1,0,1
955,1,1,1,1,1,1,1
956,0,0,0,0,0,0,0
957,1,0,1,1,1,0,1
958,1,0,0,0,0,0,0
959,1,0,1,1,1,0,1
960,1,0,1,1,1,0,1
961,1,0,0,0,0,0,0
962,1,0,0,0,0,0,0
963,1,0,0,0,0,0,1
964,1,0,0,0,0,0,0
965,1,0,0,0,0,0,0
966,1,0,0,0,0,0,0
967,0,0,0,0,0,0,0
968,0,0,0,0,0,0,0
969,0,0,0,0,0,0,0
970,1,0,1,1,0,0,1
971,1,0,1,0,0,0,1
972,1,0,1,0,0,0,0
973,0,0,0,0,0,0,0
974,1,0,1,1,0,0,1
975,1,0,1,0,0,0,1
976,1,0,1,0,0,0,1
977,1,0,1,0,0,0,1
978,0,0,0,0,0,0,0
979,0,0,0,0,0,0,0
980,1,0,1,0,0,0,0
981,0,0,0,0,0,0,0
982,0,0,0,0,0,0,0
983,0,0,0,0,0,0,0
984,0,0,0,0,0,0,0
985,0,0,0,0,0,0,0
986,0,0,0,0,0,0,0
987,1,0,0,0,0,0,0
988,0,0,0,0,0,0,0
989,0,0,0,0,0,0,0
990,0,0,0,0,0,0,0
991,0,0,0,0,0,0,0
992,0,0,0,0,0,0,0
993,0,0,0,0,0,0,0
994,1,0,0,0,0,0,0
995,1,0,1,1,0,0,1
996,1,0,0,0,0,0,1
997,1,0,0,0,0,0,1
998,0,0,0,0,0,0,0
999,1,0,1,0,0,0,0
1000,1,0,1,0,0,0,1
1001,1,0,0,0,0,0,0
1002,1,0,0,0,0,0,1
1003,1,0,0,0,0,0,0
1004,1,0,1,1,0,0,1
1005,1,1,1,1,1,1,1
1006,1,0,1,1,0,0,1
1007,1,0,1,1,1,0,1
1008,1,0,1,1,1,0,1
1009,1,0,1,0,0,0,1
1010,1,0,0,1,1,0,1
1011,1,0,1,0,0,0,0
1012,1,0,1,0,0,1,1
1013,1,0,0,0,0,0,0
1014,0,0,0,0,0,0,0
1015,1,0,0,0,0,0,0
1016,1,0,0,0,0,0,0
1017,1,0,0,0,0,0,0
1018,0,0,0,0,0,0,0
1019,0,0,0,0,0,0,0
1020,1,0,0,0,0,0,0
1021,0,0,0,0,0,0,0
1022,0,0,0,0,0,0,0
1023,1,0,0,0,0,0,0
1024,1,0,1,0,0,0,0
1025,1,0,0,0,0,0,0
1026,1,0,1,0,0,0,1
1027,1,0,1,1,0,0,1
1028,1,0,0,0,0,0,0
1029,1,0,0,0,0,0,0
1030,1,0,1,0,0,0,1
1031,1,1,1,1,1,1,1
1032,1,1,1,1,1,1,1
1033,0,0,0,0,0,0,0
1034,1,0,1,0,0,0,1
1035,1,0,1,0,0,0,1
1036,0,0,0,0,0,0,0
1037,1,0,1,0,0,0,1
1038,1,0,0,0,0,0,0
1039,1,0,0,0,0,0,0
1040,0,0,0,0,0,0,0
1041,1,0,0,0,0,0,1
1042,1,0,0,0,0,0,0
1043,1,0,1,0,0,0,1
1044,0,0,0,0,0,0,0
1045,1,0,1,0,0,0,1
1046,0,0,0,0,0,0,0
1047,1,0,0,0,0,0,1
1048,1,0,1,0,0,0,1
1049,1,0,1,0,0,0,1
1050,0,0,0,0,0,0,0
1051,1,0,1,0,0,0,1
1052,1,0,0,0,0,0,0
1053,1,0,1,0,0,0,1
1054,1,0,1,0,0,0,1
1055,1,0,1,0,0,0,1
1056,1,0,0,0,0,0,0
1057,1,0,1,0,0,0,1
1058,0,0,0,0,0,0,0
1059,1,0,0,0,0,0,0
1060,0,0,0,0,0,0,0
1061,1,0,1,0,0,0,0
1062,0,0,0,0,0,0,0
1063,1,0,1,1,0,0,1
1064,1,0,1,1,0,0,1
1065,1,0,0,0,0,0,0
1066,1,0,0,0,0,0,0
1067,1,0,1,1,0,0,1
1068,1,0,0,0,0,0,0
1069,1,0,0,0,0,0,0
1070,0,0,0,0,0,0,0
1071,0,0,0,0,0,0,0
1072,0,0,0,0,0,0,0
1073,0,0,0,0,0,0,0
1074,1,0,0,0,0,0,0
1075,0,0,0,0,0,0,0
1076,0,0,0,0,0,0,0
1077,1,0,1,0,0,0,0
1078,0,0,0,0,0,0,0
1079,1,1,1,1,1,1,1
1080,1,0,1,0,0,0,1
1081,1,0,1,1,0,0,1
1082,1,0,0,0,0,0,0
1083,1,0,1,1,0,0,1
1084,1,0,1,0,0,0,1
1085,1,0,1,0,0,0,1
1086,1,1,1,1,1,1,1
1087,1,0,0,0,0,0,1
1088,1,0,1,0,0,0,0
1089,1,0,1,0,0,0,1
1090,1,0,0,0,0,0,1
1091,0,0,0,0,0,0,0
1092,0,0,0,0,0,0,0
1093,0,0,0,0,0,0,0
1094,0,0,0,0,0,0,0
1095,0,0,0,0,0,0,0
1096,1,0,1,0,0,0,1
1097,0,0,0,0,0,0,0
1098,0,0,0,0,0,0,0
1099,0,0,0,0,0,0,0
1100,0,0,0,0,0,0,0
1101,1,0,1,0,0,0,1
1102,0,0,0,0,0,0,0
1103,1,0,1,0,0,0,1
1104,1,0,1,0,0,0,1
1105,1,0,1,0,0,0,1
1106,1,0,1,0,0,0,1
1107,1,0,1,0,0,0,0
1108,0,0,0,0,0,0,0
1109,1,0,0,0,0,0,0
1110,1,0,1,0,0,0,1
1111,1,0,0,0,0,0,0
1112,0,0,0,0,0,0,0
1113,1,0,0,0,0,0,1
1114,1,0,0,0,0,0,1
1115,0,0,0,0,0,0,0
1116,1,0,1,0,0,0,0
1117,1,0,1,1,0,0,1
1118,1,0,1,1,1,0,1
1119,1,0,1,0,0,0,1
1120,1,0,0,0,0,0,0
1121,0,0,0,0,0,0,0
1122,0,0,0,0,0,0,0
1123,0,0,0,0,0,0,0
1124,0,0,0,0,0,0,0
1125,0,0,0,0,0,0,0
1126,0,0,0,0,0,0,0
1127,0,0,0,0,0,0,0
1128,0,0,0,0,0,0,0
1129,1,0,0,0,0,0,0
1130,0,0,0,0,0,0,0
1131,0,0,0,0,0,0,0
1132,1,0,1,1,0,0,1
1133,1,0,0,0,0,0,0
1134,1,0,1,0,0,0,1
1135,1,0,1,1,0,0,1
1136,1,1,1,1,1,1,1
1137,1,0,0,0,0,0,0
1138,1,0,0,0,0,0,0
1139,1,0,1,0,0,0,1
1140,1,0,0,0,0,0,0
1141,1,0,0,0,0,0,1
1142,1,0,0,0,0,0,0
1143,1,0,1,0,0,0,1
1144,0,0,0,0,0,0,0
1145,0,0,0,0,0,0,0
1146,1,0,0,0,0,0,1
1147,1,0,0,0,0,0,0
1148,1,0,0,0,0,0,0
1149,1,0,1,0,0,0,1
1150,0,0,0,0,0,0,0
1151,1,0,0,0,0,0,0
1152,0,0,0,0,0,0,0
1153,1,0,1,0,0,0,1
1154,1,0,1,0,0,0,1
1155,0,0,0,0,0,0,0
1156,0,0,0,0,0,0,0
1157,1,0,0,0,0,0,0
1158,1,0,1,0,0,0,1
1159,1,0,0,0,0,0,0
1160,1,0,1,0,0,0,0
1161,1,0,1,0,0,0,1
1162,1,0,0,0,0,0,1
1163,1,0,0,0,0,0,0
1164,1,0,0,0,0,0,0
1165,0,0,0,0,0,0,0
1166,0,0,0,0,0,0,0
1167,1,0,1,0,1,0,1
1168,1,0,1,0,0,0,0
1169,1,1,1,1,1,1,1
1170,1,0,1,0,1,0,1
1171,1,0,0,0,0,0,0
1172,1,0,0,0,0,0,0
1173,1,0,0,0,1,0,1
1174,1,0,1,0,0,0,1
1175,0,0,0,0,0,0,0
1176,0,0,0,0,0,0,0
1177,0,0,0,0,0,0,0
1178,0,0,0,0,0,0,0
1179,0,0,0,0,0,0,0
1180,1,0,0,0,0,0,0
1181,0,0,0,0,0,0,0
1182,1,0,0,0,0,0,0
1183,0,0,0,0,0,0,0
1184,1,0,1,0,0,0,1
1185,1,0,1,0,0,0,1
1186,1,0,1,0,1,0,1
1187,1,0,1,1,1,0,1
1188,1,1,1,1,1,1,1
1189,1,0,0,0,0,0,1
1190,1,0,1,0,0,0,1
1191,1,0,0,0,0,0,0
1192,1,0,1,0,1,0,1
1193,1,1,1,1,1,1,1
1194,0,0,0,0,0,0,0
1195,1,0,1,0,0,0,1
1196,1,0,0,0,0,0,1
1197,0,0,0,0,0,0,0
1198,1,0,1,0,1,0,1
1199,1,0,0,0,0,0,1
1200,1,0,0,0,0,0,1
1201,0,0,0,0,0,0,0
1202,0,0,0,0,0,0,0
1203,0,0,0,0,0,0,0
1204,0,0,0,0,0,0,0
1205,0,0,0,0,0,0,0
1206,0,0,0,0,0,0,0
1207,1,0,0,0,0,0,1
1208,0,0,0,0,0,0,0
1209,0,0,0,0,0,0,0
1210,1,0,0,0,0,0,0
1211,1,0,0,0,0,0,0
1212,1,0,0,0,0,0,1
1213,1,0,1,0,0,0,1
1214,1,0,1,0,0,0,0
1215,1,0,1,0,0,0,1
1216,1,0,0,0,0,0,1
1217,0,0,0,0,0,0,0
1218,1,0,0,0,0,0,0
1219,1,0,0,0,0,0,0
1220,1,0,0,0,0,0,0
1221,1,0,0,0,0,0,0
1222,1,0,1,1,1,0,1
1223,1,0,0,0,0,0,0
1224,0,0,0,0,0,0,0
1225,1,0,1,0,1,0,1
1226,1,0,0,0,0,0,0
1227,1,0,0,0,0,0,0
1228,1,0,1,0,1,0,1
1229,0,0,0,0,0,0,0
1230,0,0,0,0,0,0,0
1231,0,0,0,0,0,0,0
1232,0,0,0,0,0,0,0
1233,0,0,0,0,0,0,0
1234,0,0,0,0,0,0,0
1235,0,0,0,0,0,0,0
1236,0,0,0,0,0,0,0
1237,0,0,0,0,0,0,0
1238,1,0,0,0,0,0,0
1239,0,0,0,0,0,0,0
1240,1,0,1,0,0,0,1
1241,1,0,0,0,0,0,0
1242,1,0,1,0,0,0,1
1243,1,0,1,0,0,0,1
1244,1,0,1,0,0,0,1
1245,1,0,1,0,1,0,1
1246,1,0,1,0,1,0,1
1247,0,0,0,0,0,0,0
1248,1,0,0,0,1,0,1
1249,1,0,0,0,0,0,0
1250,0,0,0,0,0,0,0
1251,1,0,0,0,0,0,0
1252,0,0,0,0,0,0,0
1253,0,0,0,0,0,0,0
1254,1,0,0,0,1,0,0
1255,0,0,0,0,0,0,0
1256,0,0,0,0,0,0,0
1257,1,0,0,0,1,0,1
1258,0,0,0,0,0,0,0
1259,0,0,0,0,0,0,0
1260,0,0,0,0,0,0,0
1261,0,0,0,0,0,0,0
1262,0,0,0,0,0,0,0
1263,1,0,0,0,0,0,0
1264,1,0,1,0,0,0,0
1265,0,0,0,0,0,0,0
1266,1,0,0,0,0,0,0
1267,1,0,0,0,0,0,1
1268,1,0,0,0,1,0,1
1269,1,0,0,0,0,0,0
1270,0,0,0,0,0,0,0
1271,1,0,1,0,0,0,1
1272,1,0,1,0,0,0,1
1273,1,0,1,0,0,0,1
1274,0,0,0,0,0,0,0
1275,0,0,0,0,0,0,0
1276,1,0,0,0,0,0,0
1277,1,0,1,0,0,0,1
1278,1,0,0,0,1,1,1
1279,1,0,1,0,0,0,1
1280,0,0,0,0,0,0,0
1281,1,0,1,0,0,0,0
1282,1,0,0,0,0,0,1
1283,1,0,1,0,0,0,1
1284,0,0,0,0,0,0,0
1285,0,0,0,0,0,0,0
1286,1,0,0,0,0,0,0
1287,0,0,0,0,0,0,0
1288,1,0,1,0,0,0,1
1289,1,0,1,0,0,0,1
1290,1,0,1,0,0,0,1
1291,1,0,0,0,0,0,0
1292,0,0,0,0,0,0,0
1293,1,0,0,0,0,0,0
1294,0,0,0,0,0,0,0
1295,1,0,0,0,0,0,0
1296,1,0,1,0,0,0,1
1297,1,0,0,0,0,0,1
1298,1,0,1,0,0,1,1
1299,1,0,0,0,0,0,0
1300,1,0,1,0,0,0,1
1301,0,0,0,0,0,0,0
1302,1,0,0,0,0,0,0
1303,1,0,0,0,0,0,0
1304,1,1,0,0,1,1,1
1305,0,0,0,0,0,0,0
1306,1,0,0,0,0,0,0
1307,0,0,0,0,0,0,0
1308,0,0,0,0,0,0,0
1309,1,1,0,0,1,0,1
1310,0,0,0,0,0,0,0
1311,0,0,0,0,0,0,0
1312,1,0,1,0,0,0,1
1313,1,0,0,0,0,0,1
1314,0,0,0,0,0,0,0
1315,0,0,0,0,0,0,0
1316,0,0,0,0,0,0,0
1317,0,0,0,0,0,0,0
1318,0,0,0,0,0,0,0
1319,0,0,0,0,0,0,0
1320,1,0,0,0,0,0,0
1321,1,0,1,0,0,0,0
1322,1,0,1,0,0,0,1
1323,1,0,1,0,1,0,1
1324,1,0,0,0,0,0,1
1325,1,0,0,0,0,0,1
1326,1,0,1,0,0,0,1
1327,1,0,1,0,1,1,1
1328,1,0,0,0,0,0,0
1329,1,0,1,0,1,0,1
1330,1,0,0,0,1,0,1
1331,1,1,1,1,1,1,1
1332,1,0,0,0,0,0,0
1333,0,0,0,0,0,0,0
1334,1,0,1,0,0,0,1
1335,1,0,1,0,0,0,1
1336,0,0,0,0,0,0,0
1337,0,0,0,0,0,0,0
1338,1,0,1,0,0,0,1
1339,1,0,0,0,0,0,1
1340,1,0,1,0,0,0,1
1341,0,0,0,0,0,0,0
1342,0,0,0,0,0,0,0
1343,1,0,1,0,0,0,0
1344,0,0,0,0,0,0,0
1345,1,1,1,1,1,1,1
1346,1,1,1,1,1,1,1
1347,1,0,1,0,1,0,1
1348,0,0,0,0,0,0,0
1349,1,0,0,0,0,0,1
1350,1,0,1,0,0,0,1
1351,1,1,1,1,1,1,1
1352,1,1,1,1,1,1,1
1353,1,0,1,0,0,0,1
1354,1,0,0,0,0,0,1
1355,1,0,1,0,0,0,1
1356,1,0,0,0,0,0,0
1357,0,0,0,0,0,0,0
1358,0,0,0,0,0,0,0
1359,0,0,0,0,0,0,0
1360,0,0,0,0,0,0,0
1361,0,0,0,0,0,0,0
1362,0,0,0,0,0,0,0
1363,1,0,1,0,0,0,0
1364,1,0,1,1,0,0,1
1365,1,0,1,0,0,0,0
1366,0,0,0,0,0,0,0
1367,0,0,0,0,0,0,0
1368,0,0,0,0,0,0,0
1369,0,0,0,0,0,0,0
1370,0,0,0,0,0,0,0
1371,0,0,0,0,0,0,0
1372,0,0,0,0,0,0,0
1373,1,1,1,1,1,1,1
1374,1,0,1,0,0,0,1
1375,1,0,1,0,0,0,1
1376,1,0,1,1,0,0,1
1377,1,0,1,1,0,0,1
1378,1,0,1,0,0,0,1
1379,1,0,1,0,0,0,1
1380,1,0,0,0,0,0,0
1381,1,0,1,0,0,0,1
1382,1,1,1,1,1,1,1
1383,1,0,1,1,0,0,1
1384,1,1,1,1,1,1,1
1385,1,1,1,1,1,1,1
1386,1,1,1,1,1,1,1
1387,1,0,1,0,1,0,1
1388,1,0,1,1,1,0,1
1389,1,0,1,0,0,0,1
1390,1,1,1,1,1,1,1
1391,1,0,0,1,0,0,1
1392,1,0,1,0,0,0,1
1393,1,0,0,0,0,0,0
1394,1,0,1,0,0,0,1
1395,1,0,0,0,0,0,0
1396,1,0,0,0,0,0,0
1397,0,0,0,0,0,0,0
1398,1,0,0,0,0,0,0
1399,1,0,1,0,0,0,1
1400,1,1,1,1,1,1,1
1401,1,1,1,1,1,1,1
1402,1,0,1,0,0,0,1
1403,1,0,0,0,0,0,0
1404,1,0,1,0,0,0,1
1405,1,0,1,0,0,0,1
1406,1,0,0,0,0,0,1
1407,1,0,0,0,0,0,1
1408,1,0,1,0,0,0,1
1409,0,0,0,0,0,0,0
1410,0,0,0,0,0,0,0
1411,0,0,0,0,0,0,0
1412,0,0,0,0,0,0,0
1413,0,0,0,0,0,0,0
1414,0,0,0,0,0,0,0
1415,0,0,0,0,0,0,0
1416,0,0,0,0,0,0,0
1417,0,0,0,0,0,0,0
1418,1,0,0,0,0,0,1
1419,0,0,0,0,0,0,0
1420,1,0,1,1,0,0,1
1421,0,0,0,0,0,0,0
1422,1,0,1,1,0,0,0
1423,1,0,0,0,0,0,0
1424,1,0,0,0,0,0,0
1425,1,0,1,0,0,0,1
1426,0,0,0,0,0,0,0
1427,1,0,1,0,0,0,1
1428,1,0,1,0,0,0,1
1429,1,0,1,0,0,0,1
1430,1,0,0,0,0,0,1
1431,1,1,1,1,1,1,1
1432,1,0,1,0,0,0,1
1433,1,0,1,0,0,0,1
1434,1,0,0,0,0,0,1
1435,1,0,1,0,0,0,1
1436,1,0,0,0,1,0,1
1437,1,1,1,1,1,1,1
1438,0,0,0,0,0,0,0
1439,1,0,1,1,1,0,1
1440,1,1,1,1,1,1,1
1441,1,1,1,1,1,1,1
1442,0,0,0,0,0,0,0
1443,0,0,0,0,0,0,0
1444,1,0,1,0,0,0,1
1445,1,0,1,0,0,0,1
1446,0,0,0,0,0,0,0
1447,0,0,0,0,0,0,0
1448,0,0,0,0,0,0,0
1449,1,0,0,0,0,0,0
1450,0,0,0,0,0,0,0
1451,0,0,0,0,0,0,0
1452,1,0,1,0,0,0,0
1453,1,0,1,0,0,0,1
1454,1,0,0,0,0,0,0
1455,1,1,1,1,1,1,1
1456,1,1,1,1,1,1,1
1457,1,0,0,1,0,0,1
1458,1,0,1,0,0,0,1
1459,1,0,0,0,0,0,1
1460,1,1,1,1,1,1,1
1461,1,0,1,0,0,0,1
1462,1,0,1,0,0,0,1
1463,1,0,0,0,0,0,0
1464,1,0,0,0,0,0,1
1465,1,0,1,0,0,0,1
1466,1,1,1,1,1,1,1
1467,0,0,0,0,0,0,0
1468,1,0,0,0,0,0,0
1469,1,0,1,0,0,0,1
1470,1,1,1,1,1,0,1
1471,1,0,1,0,0,0,1
1472,0,0,0,0,0,0,0
1473,1,0,0,0,0,0,0
1474,0,0,0,0,0,0,0
1475,1,0,1,0,0,0,0
1476,1,0,1,0,0,0,1
1477,0,0,0,0,0,0,0
1478,0,0,0,0,0,0,0
1479,1,0,0,0,0,0,0
1480,0,0,0,0,0,0,0
1481,1,0,1,1,0,0,1
1482,1,1,1,1,1,1,1
1483,1,0,1,0,0,0,1
1484,1,0,1,1,1,0,1
1485,1,0,0,0,1,0,1
1486,1,0,1,0,0,0,1
1487,1,0,0,0,0,0,1
1488,1,0,0,0,0,0,1
1489,1,1,1,1,1,1,1
1490,1,0,1,0,1,0,1
1491,1,0,1,1,1,0,1
1492,1,1,1,1,1,1,1
1493,1,0,1,0,0,0,1
1494,1,0,1,1,0,0,1
1495,1,1,1,1,1,1,1
1496,1,0,0,0,0,0,0
1497,1,1,1,1,1,1,1
1498,0,0,0,0,0,0,0
1499,1,0,1,0,0,0,0
1500,1,0,0,0,0,0,0
1501,1,0,1,0,0,0,1
1502,0,0,0,0,0,0,0
1503,0,0,0,0,0,0,0
1504,0,0,0,0,0,0,0
1505,1,0,0,0,0,0,0
1506,0,0,0,0,0,0,0
1507,0,0,0,0,0,0,0
1508,1,0,0,0,0,0,0
1509,1,1,1,1,1,1,1
1510,1,0,1,0,0,0,1
1511,1,0,1,0,0,0,1
1512,1,0,0,0,0,0,0
1513,1,0,0,0,0,0,1
1514,1,0,1,1,0,0,1
1515,1,1,1,1,1,1,1
1516,1,0,0,0,0,0,0
1517,1,0,1,0,1,0,1
1518,0,0,0,0,0,0,0
1519,1,0,0,0,0,0,0
1520,0,0,0,0,0,0,0
1521,0,0,0,0,0,0,0
1522,0,0,0,0,0,0,0
1523,1,0,0,0,0,0,0
1524,0,0,0,0,0,0,0
1525,1,0,1,0,0,0,1
1526,0,0,0,0,0,0,0
1527,0,0,0,0,0,0,0
1528,0,0,0,0,0,0,0
1529,0,0,0,0,0,0,0
1530,1,0,1,0,1,0,1
1531,0,0,0,0,0,0,0
1532,1,0,0,0,0,0,1
1533,0,0,0,0,0,0,0
1534,1,0,1,0,0,0,0
1535,1,0,1,0,0,0,1
1536,1,0,1,1,0,0,1
1537,1,0,1,0,0,0,1
1538,1,0,0,1,0,0,1
1539,1,0,0,0,0,0,1
1540,1,0,1,0,0,0,1
1541,1,0,0,0,1,0,0
1542,1,0,0,0,0,0,1
1543,1,0,1,0,0,0,1
1544,1,1,1,1,1,1,1
1545,1,1,1,1,1,1,1
1546,1,1,1,1,1,1,1
1547,1,0,1,1,1,0,1
1548,1,0,1,0,0,0,1
1549,1,0,1,1,0,0,1
1550,1,0,0,0,0,0,0
1551,0,0,0,0,0,0,0
1552,0,0,0,0,0,0,0
1553,1,1,1,1,1,1,1
1554,0,0,0,0,0,0,0
1555,0,0,0,0,0,0,0
1556,0,0,0,0,0,0,0
1557,0,0,0,0,0,0,0
1558,0,0,0,0,0,0,0
1559,0,0,0,0,0,0,0
1560,0,0,0,0,0,0,0
1561,0,0,0,0,0,0,0
1562,1,0,0,0,0,0,0
1563,1,0,1,1,0,0,1
1564,1,0,0,0,0,0,0
1565,1,1,1,1,1,1,1
1566,1,0,1,1,0,0,1
1567,1,0,1,0,1,0,1
1568,1,0,1,0,0,0,1
1569,1,1,1,1,1,1,1
1570,1,0,1,1,0,0,1
1571,1,0,1,1,0,0,1
1572,1,0,0,0,0,0,0
1573,0,0,0,0,0,0,0
1574,1,0,1,0,0,0,1
1575,1,0,0,0,0,0,0
1576,1,1,1,0,1,0,1
1577,1,0,1,0,0,0,1
1578,1,0,0,0,0,0,0
1579,1,0,0,0,1,0,1
1580,1,0,0,0,0,0,1
1581,1,0,0,0,0,0,0
1582,0,0,0,0,0,0,0
1583,1,0,1,0,0,0,1
1584,1,0,1,0,0,0,1
1585,0,0,0,0,0,0,0
1586,1,0,1,0,0,0,1
1587,0,0,0,0,0,0,0
1588,0,0,0,0,0,0,0
1589,1,0,1,0,0,0,1
1590,1,0,0,0,0,0,0
1591,1,0,1,0,0,0,1
1592,1,1,1,1,1,1,1
1593,1,0,1,0,1,0,1
1594,1,0,0,0,0,0,0
1595,1,0,0,0,0,0,1
1596,1,0,1,0,0,0,1
1597,1,0,0,0,0,0,0
1598,1,1,1,1,1,1,1
1599,1,1,1,1,1,1,1
1600,1,1,1,1,1,1,1
1601,1,1,1,1,1,1,1
1602,1,1,1,1,1,1,1
1603,1,0,0,0,0,0,0
1604,1,0,0,0,0,0,0
1605,1,1,1,1,1,1,1
1606,1,1,1,1,1,0,1
1607,1,0,1,0,0,0,1
1608,1,0,0,0,0,0,0
1609,1,0,0,0,0,0,0
1610,0,0,0,0,0,0,0
1611,1,0,1,0,0,0,1
1612,0,0,0,0,0,0,0
1613,1,0,0,0,0,0,0
1614,1,0,1,0,0,0,0
1615,0,0,0,0,0,0,0
1616,0,0,0,0,0,0,0
1617,0,0,0,0,0,0,0
1618,1,1,1,1,1,1,1
1619,1,0,0,0,0,0,1
1620,1,0,0,0,0,0,0
1621,1,0,1,0,0,0,1
1622,1,0,1,0,0,0,1
1623,1,0,1,0,0,0,1
1624,1,0,1,0,1,0,1
1625,1,0,0,0,0,0,0
1626,0,0,0,0,0,0,0
1627,0,0,0,0,0,0,0
1628,0,0,0,0,0,0,0
1629,1,0,0,0,0,0,0
1630,1,0,0,0,0,0,1
1631,0,0,0,0,0,0,0
1632,1,0,1,0,0,0,1
1633,0,0,0,0,0,0,0
1634,1,0,1,0,0,0,1
1635,0,0,0,0,0,0,0
1636,1,0,0,0,0,0,0
1637,0,0,0,0,0,0,0
1638,0,0,0,0,0,0,0
1639,0,0,0,0,0,0,0
1640,1,0,0,0,0,0,0
1641,1,0,0,0,0,0,0
1642,1,0,1,0,0,0,1
1643,1,0,1,0,0,0,1
1644,1,0,1,0,0,0,1
1645,1,0,0,0,0,0,1
1646,1,0,0,0,0,0,1
1647,1,0,1,0,1,0,1
1648,1,0,0,0,0,0,1
1649,1,0,1,0,0,0,1
1650,1,0,1,0,0,0,1
1651,1,0,1,0,0,0,1
1652,1,0,1,0,0,0,1
1653,1,0,1,0,0,0,1
1654,0,0,0,0,0,0,0
1655,1,0,1,0,0,0,1
1656,1,0,1,0,0,0,1
1657,1,0,1,0,1,0,1
1658,1,0,1,0,0,0,1
1659,1,0,1,0,1,0,1
1660,1,0,0,0,0,0,0
1661,1,0,0,0,0,0,0
1662,0,0,0,0,0,0,0
1663,1,0,0,0,0,0,0
1664,0,0,0,0,0,0,0
1665,0,0,0,0,0,0,0
1666,0,0,0,0,0,0,0
1667,0,0,0,0,0,0,0
1668,0,0,0,0,0,0,0
1669,1,0,0,0,0,0,1
1670,0,0,0,0,0,0,0
1671,1,0,0,0,0,0,0
1672,1,0,1,0,0,0,1
1673,1,0,1,0,1,0,1
1674,1,0,1,0,1,1,1
1675,1,0,0,0,0,0,1
1676,1,0,1,0,1,0,1
1677,1,0,1,0,0,0,1
1678,1,0,1,1,1,1,1
1679,1,0,1,1,1,0,1
1680,1,0,1,0,0,0,1
1681,1,0,1,0,0,0,1
1682,1,0,1,0,0,0,1
1683,0,0,0,0,0,0,0
1684,1,0,1,0,0,0,1
1685,1,0,1,0,0,0,1
1686,1,0,1,0,0,0,1
1687,0,0,0,0,0,0,0
1688,1,0,1,0,0,0,1
1689,0,0,0,0,0,0,0
1690,1,0,1,0,0,0,0
1691,0,0,0,0,0,0,0
1692,0,0,0,0,0,0,0
1693,0,0,0,0,0,0,0
1694,0,0,0,0,0,0,0
1695,1,0,1,0,0,0,1
1696,0,0,0,0,0,0,0
1697,0,0,0,0,0,0,0
1698,1,0,1,0,0,0,1
1699,0,0,0,0,0,0,0
1700,0,0,0,0,0,0,0
1701,0,0,0,0,0,0,0
1702,0,0,0,0,0,0,0
1703,0,0,0,0,0,0,0
1704,0,0,0,0,0,0,0
1705,1,0,1,0,0,0,1
1706,1,0,1,0,0,0,1
1707,0,0,0,0,0,0,0
1708,0,0,0,0,0,0,0
1709,1,0,1,0,0,0,1
1710,0,0,0,0,0,0,0
1711,0,0,0,0,0,0,0
1712,0,0,0,0,0,0,0
1713,0,0,0,0,0,0,0
1714,0,0,0,0,0,0,0
1715,0,0,0,0,0,0,0
1716,1,0,1,0,0,0,1
1717,0,0,0,0,0,0,0
1718,0,0,0,0,0,0,0
1719,0,0,0,0,0,0,0
1720,1,0,1,0,0,0,0
1721,0,0,0,0,0,0,0
1722,0,0,0,0,0,0,0
1723,0,0,0,0,0,0,0
1724,0,0,0,0,0,0,0
1725,0,0,0,0,0,0,0
1726,0,0,0,0,0,0,0
1727,0,0,0,0,0,0,0
1728,0,0,0,0,0,0,0
1729,0,0,0,0,0,0,0
1730,1,0,1,0,0,0,1
1731,0,0,0,0,0,0,0
1732,1,0,1,0,0,0,1
1733,1,0,1,0,0,0,1
1734,0,0,0,0,0,0,0
1735,1,0,1,0,0,0,1
1736,0,0,0,0,0,0,0
1737,0,0,0,0,0,0,0
1738,1,0,0,0,0,0,1
1739,1,0,1,0,0,0,1
1740,1,0,1,0,0,0,1
1741,1,0,0,1,0,0,1
1742,0,0,0,0,0,0,0
1743,0,0,0,0,0,0,0
1744,1,0,0,0,0,0,0
1745,0,0,0,0,0,0,0
1746,1,0,0,0,0,0,0
1747,1,0,0,0,0,0,0
1748,1,0,0,0,0,0,0
1749,1,0,0,0,0,0,0
1750,1,0,1,0,0,0,0
1751,0,0,0,0,0,0,0
1752,1,0,0,0,1,0,1
1753,1,0,0,0,0,0,1
1754,0,0,0,0,0,0,0
1755,1,0,1,0,0,0,1
1756,1,0,0,0,0,0,0
1757,1,0,0,0,0,0,0
1758,1,0,0,0,0,0,1
1759,1,0,1,0,1,0,1
1760,0,0,0,0,0,0,0
1761,1,0,0,0,1,0,1
1762,1,0,0,0,1,0,1
1763,1,0,0,0,0,0,0
1764,0,0,0,0,0,0,0
1765,1,0,0,0,0,0,0
1766,0,0,0,0,0,0,0
1767,0,0,0,0,0,0,0
1768,1,0,0,0,0,0,0
1769,0,0,0,0,0,0,0
1770,0,0,0,0,0,0,0
1771,1,0,0,0,0,0,0
1772,1,0,0,0,0,0,0
1773,1,0,0,0,0,0,0
1774,0,0,0,0,0,0,0
1775,1,0,1,0,0,0,1
1776,1,0,0,0,0,0,1
1777,0,0,0,0,0,0,0
1778,0,0,0,0,0,0,0
1779,0,0,0,0,0,0,0
1780,1,0,0,0,0,0,0
1781,1,0,0,0,1,0,1
1782,1,0,0,0,0,0,0
1783,0,0,0,0,0,0,0
1784,1,0,0,0,0,0,1
1785,0,0,0,0,0,0,0
1786,1,0,0,0,0,0,1
1787,0,0,0,0,0,0,0
1788,1,0,1,0,0,0,1
1789,1,0,0,0,0,0,0
1790,0,0,0,0,0,0,0
1791,1,0,0,1,0,0,1
1792,1,0,0,0,0,0,0
1793,1,0,0,0,0,0,0
1794,1,0,0,0,0,0,0
1795,1,0,1,0,1,0,1
1796,0,0,0,0,0,0,0
1797,1,0,0,0,0,0,1
1798,1,0,0,0,0,0,0
1799,1,0,1,0,1,0,1
1800,0,0,0,0,0,0,0
1801,1,0,1,0,0,0,1
1802,1,0,1,0,0,0,1
1803,1,0,0,0,0,0,1
1804,1,0,1,0,0,0,1
1805,0,0,0,0,0,0,0
1806,0,0,0,0,0,0,0
1807,1,0,0,0,0,0,0
1808,1,0,0,0,0,0,1
1809,1,0,0,0,0,0,1
1810,1,0,1,0,0,0,1
1811,0,0,0,0,0,0,0
1812,1,0,0,0,0,0,0
1813,1,0,0,0,0,0,1
1814,1,0,0,0,0,0,1
1815,1,0,1,0,0,0,1
1816,1,0,0,0,0,0,0
1817,1,0,1,0,0,0,1
1818,1,0,0,0,1,0,1
1819,0,0,0,0,0,0,0
1820,1,0,0,0,0,0,0
1821,1,0,0,0,0,0,0
1822,1,0,1,0,1,0,1
1823,1,1,1,1,1,1,1
1824,0,0,0,0,0,0,0
1825,1,0,0,0,0,0,0
1826,1,0,0,0,0,0,0
1827,1,0,0,0,0,0,1
1828,1,0,1,0,0,0,0
1829,1,0,1,0,0,0,1
1830,1,0,1,0,0,0,1
1831,1,0,1,0,0,0,1
1832,1,0,1,0,0,0,1
1833,0,0,0,0,0,0,0
1834,1,0,0,0,0,0,0
1835,0,0,0,0,0,0,0
1836,0,0,0,0,0,0,0
1837,0,0,0,0,0,0,0
1838,1,0,0,0,0,0,0
1839,0,0,0,0,0,0,0
1840,1,0,1,0,0,0,0
1841,0,0,0,0,0,0,0
1842,0,0,0,0,0,0,0
1843,0,0,0,0,0,0,0
1844,1,0,0,0,0,0,0
1845,0,0,0,0,0,0,0
1846,1,0,0,0,0,0,0
1847,0,0,0,0,0,0,0
1848,1,0,0,0,0,0,1
1849,1,0,0,0,0,0,1
1850,0,0,0,0,0,0,0
1851,1,0,0,0,0,0,0
1852,1,0,0,0,0,0,1
1853,1,0,1,0,0,0,1
1854,1,0,0,0,0,0,0
1855,1,0,0,0,0,0,0
1856,0,0,0,0,0,0,0
1857,1,0,0,0,0,0,1
1858,1,0,1,0,0,0,1
1859,1,0,0,0,0,0,0
1860,1,0,1,0,0,0,1
1861,0,0,0,0,0,0,0
1862,1,0,0,0,1,0,1
1863,0,0,0,0,0,0,0
1864,1,0,0,0,0,0,1
1865,1,0,1,0,0,0,1
1866,0,0,0,0,0,0,0
1867,1,0,0,0,0,0,0
1868,0,0,0,0,0,0,0
1869,0,0,0,0,0,0,0
1870,1,0,0,0,1,0,1
1871,1,0,0,0,0,0,1
1872,1,0,0,0,0,0,0
1873,0,0,0,0,0,0,0
1874,0,0,0,0,0,0,0
1875,0,0,0,0,0,0,0
1876,0,0,0,0,0,0,0
1877,1,0,1,0,0,0,1
1878,1,0,1,0,0,0,0
1879,1,0,0,0,0,0,0
1880,1,0,1,0,1,0,1
1881,1,0,0,0,0,0,0
1882,1,0,0,0,0,0,1
1883,1,0,0,0,0,0,0
1884,1,0,0,0,0,0,0
1885,0,0,0,0,0,0,0
1886,0,0,0,0,0,0,0
1887,1,0,1,0,1,0,1
1888,1,0,1,1,0,0,1
1889,1,0,0,0,0,0,1
1890,1,0,1,0,1,0,1
1891,1,0,1,0,1,0,1
1892,1,0,1,0,0,0,1
1893,1,0,0,0,0,0,0
1894,1,0,1,0,0,0,1
1895,0,0,0,0,0,0,0
1896,1,0,0,0,0,0,0
1897,1,0,1,0,1,0,1
1898,1,0,1,0,0,0,1
1899,1,0,1,0,1,0,1
1900,0,0,0,0,0,0,0
1901,0,0,0,0,0,0,0
1902,1,0,0,0,0,0,1
1903,1,0,0,0,0,0,0
1904,1,0,0,0,0,0,1
1905,1,0,0,0,0,0,0
1906,1,0,0,0,0,0,0
1907,1,0,1,0,0,0,1
1908,1,0,1,0,0,0,1
1909,1,1,1,1,1,0,1
1910,0,0,0,0,0,0,0
1911,1,0,1,0,0,0,1
1912,1,1,1,1,1,1,1
1913,0,0,0,0,0,0,0
1914,1,1,1,0,1,1,1
1915,0,0,0,0,0,0,0
1916,1,0,0,0,0,0,0
1917,1,0,0,0,0,0,1
1918,1,0,0,0,1,0,1
1919,0,0,0,0,0,0,0
1920,1,1,1,1,1,1,1
1921,1,0,1,0,0,0,1
1922,1,0,1,0,1,0,1
1923,1,0,1,1,0,0,1
1924,1,0,1,0,0,0,1
1925,0,0,0,0,0,0,0
1926,1,1,1,1,1,1,1
1927,1,0,1,0,0,0,1
1928,1,1,1,1,1,1,1
1929,1,1,1,1,1,0,1
1930,1,0,1,1,1,0,1
1931,1,0,0,1,0,0,0
1932,1,0,1,0,1,0,1
1933,1,0,1,0,0,0,1
1934,1,0,1,0,0,0,0
1935,1,0,1,0,0,0,1
1936,1,0,1,1,0,0,1
1937,1,0,0,0,0,0,1
1938,1,0,1,1,0,0,1
1939,1,1,1,1,1,1,1
1940,1,0,1,0,1,0,1
1941,1,0,1,1,0,0,1
1942,1,1,1,1,1,1,1
1943,1,1,1,1,1,1,1
1944,1,0,1,1,0,0,1
1945,1,1,1,1,1,1,1
1946,1,0,0,0,0,0,1
1947,1,0,0,0,0,0,1
1948,1,1,1,1,1,1,1
1949,1,0,0,0,0,0,0
1950,1,0,1,0,1,0,1
1951,1,0,0,0,0,0,0
1952,1,0,0,0,0,0,0
1953,1,0,0,0,0,0,1
1954,1,0,0,0,0,0,0
1955,1,0,0,1,1,0,1
1956,1,0,0,0,0,0,0
1957,1,0,0,1,0,0,0
1958,1,1,1,1,1,1,1
1959,1,0,0,1,0,0,1
1960,1,0,1,0,0,0,1
1961,1,0,1,0,0,0,1
1962,1,0,0,0,0,0,0
1963,1,0,0,0,0,0,1
1964,1,0,1,0,1,0,1
1965,1,0,0,0,0,0,0
1966,1,0,1,0,0,0,1
1967,1,1,1,1,1,1,1
1968,1,0,1,0,0,0,1
1969,1,0,0,1,0,0,1
1970,0,0,0,0,0,0,0
1971,1,1,1,1,1,1,1
1972,1,1,1,1,1,0,1
1973,1,0,1,1,0,0,1
1974,1,1,1,1,1,1,1
1975,1,1,1,1,1,1,1
1976,1,0,0,0,0,0,1
1977,1,1,1,1,1,1,1
1978,1,1,1,1,1,1,1
1979,1,1,1,1,1,1,1
1980,1,0,0,0,0,0,0
1981,1,0,1,0,0,0,1
1982,1,1,1,1,1,1,1
1983,1,0,1,0,1,0,1
1984,1,0,1,0,0,0,1
1985,1,0,1,0,0,0,1
1986,1,0,0,0,0,0,0
1987,1,0,1,1,0,0,1
1988,1,1,1,1,1,1,1
1989,1,0,1,0,1,0,1
1990,1,0,1,0,0,0,1
1991,1,0,0,0,0,0,0
1992,1,0,1,0,1,0,1
1993,1,0,0,0,0,0,1
1994,1,1,1,1,1,1,1
1995,1,1,1,1,1,1,1
1996,1,0,0,0,0,0,1
1997,1,0,1,0,0,0,0
1998,1,0,0,0,0,0,0
1999,1,1,1,1,1,1,1
2000,1,1,1,1,1,1,1
2001,1,0,0,0,0,0,1
2002,1,0,1,0,1,0,1
2003,1,0,1,0,0,0,1
2004,1,1,1,1,1,1,1
2005,1,1,1,1,1,1,1
2006,1,0,1,1,1,0,1
2007,1,0,0,0,0,0,0
2008,1,1,1,1,1,1,1
2009,1,1,1,1,1,1,1
2010,1,0,1,0,0,0,1
2011,1,0,1,0,0,0,1
2012,1,0,0,0,0,0,0
2013,0,0,0,0,0,0,0
2014,1,0,1,1,0,0,1
2015,1,0,0,0,0,0,1
2016,1,0,1,0,0,0,0
2017,1,0,1,0,1,0,1
2018,1,0,0,0,0,0,0
2019,1,1,1,1,1,1,1
2020,1,0,1,0,0,0,1
2021,1,0,0,0,0,0,0
2022,1,0,0,0,0,0,0
2023,1,0,1,0,0,0,1
2024,1,0,0,0,1,0,1
2025,1,0,0,0,0,0,0
2026,1,0,1,0,0,0,1
2027,1,0,0,0,0,0,0
2028,1,0,1,0,0,0,1
2029,1,0,1,0,1,0,1
2030,1,0,1,0,0,0,1
2031,1,0,0,0,0,0,0
2032,1,0,1,0,0,0,1
2033,1,0,1,1,0,0,1
2034,1,0,1,0,1,1,1
2035,1,0,0,0,0,0,0
2036,1,1,1,1,1,1,1
2037,1,1,1,1,1,1,1
2038,1,1,1,1,1,1,1
2039,1,0,0,0,0,0,0
2040,1,1,1,1,1,1,1
2041,1,0,1,0,1,0,1
2042,1,0,0,0,0,0,1
2043,1,0,1,0,0,0,1
2044,1,0,1,1,0,0,1
2045,1,0,0,0,0,0,0
2046,1,0,1,0,0,0,1
2047,1,0,1,0,0,0,1
2048,1,0,0,0,0,0,0
2049,1,1,1,1,1,1,1
2050,1,1,1,1,1,1,1
2051,1,0,0,0,0,0,1
2052,1,0,1,1,0,0,1
2053,1,0,1,0,0,0,1
2054,1,0,0,0,0,0,0
2055,1,1,1,1,1,1,1
2056,1,0,1,0,0,0,1
2057,1,0,1,0,1,0,1
2058,1,0,0,0,0,0,1
2059,1,0,1,1,0,0,1
2060,1,0,0,0,0,0,1
2061,1,1,1,1,1,1,1
2062,1,0,1,0,1,0,1
2063,1,0,1,0,0,0,1
2064,1,0,0,0,0,0,0
2065,1,0,1,0,1,0,1
2066,1,0,1,0,1,0,1
2067,1,0,1,0,0,0,1
2068,1,0,1,1,0,0,1
2069,1,0,0,0,1,1,1
2070,1,0,0,0,0,0,0
2071,1,1,1,0,0,0,1
2072,1,0,0,0,0,0,0
2073,1,0,1,0,0,0,1
2074,1,0,1,0,0,0,1
2075,1,1,1,1,1,1,1
2076,1,1,1,1,1,0,1
2077,1,0,1,0,1,0,1
2078,1,0,1,0,1,0,1
2079,1,0,1,0,1,0,1
2080,1,0,1,0,1,0,1
2081,1,0,1,0,0,0,1
2082,1,0,0,0,1,0,1
2083,1,0,1,0,1,0,1
2084,1,0,0,0,0,0,1
2085,1,0,1,0,0,0,1
2086,1,0,0,0,0,0,0
2087,1,0,1,0,0,0,1
2088,1,0,0,0,0,0,1
2089,1,1,1,1,1,0,1
2090,1,0,0,0,1,0,1
2091,1,0,0,0,0,0,1
2092,1,0,0,0,0,0,0
2093,1,0,1,0,0,0,1
2094,1,1,1,1,1,1,1
2095,1,0,0,0,0,0,1
2096,1,0,0,0,0,0,0
2097,1,1,1,1,1,1,1
2098,1,1,1,0,1,1,1
2099,1,0,0,0,0,0,0
2100,1,0,1,1,1,0,1
2101,1,0,1,1,0,0,1
2102,1,1,1,1,1,1,1
2103,1,0,0,1,0,0,1
2104,1,0,1,1,1,0,1
2105,1,0,1,1,0,0,0
2106,1,0,1,1,1,0,1
2107,1,0,0,0,1,0,0
2108,1,1,1,1,1,1,1
2109,1,0,1,1,0,0,1
2110,1,1,1,1,1,1,1
2111,1,0,1,1,1,0,1
2112,1,1,1,1,1,1,1
2113,0,0,0,0,0,0,0
2114,1,1,1,1,1,1,1
2115,1,0,1,0,0,0,1
2116,0,0,0,0,0,0,0
2117,0,0,0,0,0,0,0
2118,1,0,1,1,0,0,1
2119,1,0,1,1,1,0,1
2120,1,0,0,1,1,0,1
2121,1,1,1,1,1,0,1
2122,1,1,1,1,1,1,1
2123,1,0,0,1,1,0,1
2124,1,0,0,0,1,0,0
2125,1,0,1,1,1,0,1
2126,1,1,1,1,1,1,1
2127,1,1,1,1,1,1,1
2128,1,1,1,1,1,1,1
2129,1,1,1,1,1,1,1
2130,1,0,0,1,0,0,1
2131,1,0,0,0,0,0,0
2132,1,0,1,1,1,0,1
2133,0,0,0,0,0,0,0
2134,1,0,0,0,0,0,0
2135,1,0,1,0,0,0,0
2136,1,0,0,0,0,0,0
2137,1,0,1,0,0,0,0
2138,1,0,1,0,0,0,0
2139,1,0,0,1,0,0,1
2140,1,0,1,1,1,0,1
2141,1,0,0,0,0,0,0
2142,1,0,1,0,0,0,1
2143,1,0,0,0,0,0,0
2144,1,0,0,0,0,0,0
2145,1,0,1,0,0,0,1
2146,1,0,0,0,0,0,1
2147,0,0,0,0,0,0,0
2148,0,0,0,0,0,0,0
2149,1,0,0,0,0,0,0
2150,1,0,0,0,0,0,0
2151,1,0,0,0,0,0,0
2152,1,1,1,1,1,1,1
2153,1,0,0,0,0,0,0
2154,1,1,1,1,1,1,1
2155,1,0,0,1,1,0,1
2156,1,1,1,1,1,1,1
2157,1,0,0,0,0,0,0
2158,1,0,0,0,0,0,0
2159,1,0,0,0,1,0,0
2160,1,0,1,0,0,0,1
2161,1,0,1,0,1,0,1
2162,0,0,0,0,0,0,0
2163,1,0,1,0,1,0,1
2164,1,0,1,0,0,0,1
2165,1,0,0,0,0,0,0
2166,1,0,1,0,0,0,1
2167,1,0,0,0,0,0,0
2168,1,0,1,1,1,0,1
2169,1,0,0,0,0,0,0
2170,0,0,0,0,0,0,0
2171,1,0,1,0,0,0,1
2172,0,0,0,0,0,0,0
2173,1,0,0,0,0,0,0
2174,1,0,0,0,0,0,0
2175,1,0,1,0,0,0,1
2176,1,0,1,0,0,0,1
2177,1,0,1,0,1,0,1
2178,0,0,0,0,0,0,0
2179,1,0,1,0,0,1,1
2180,1,0,0,0,1,0,1
2181,0,0,0,0,0,0,0
2182,1,0,0,0,0,0,0
2183,1,0,0,0,0,0,1
2184,0,0,0,0,0,0,0
2185,1,1,1,1,1,1,1
2186,1,0,0,0,0,0,0
2187,1,0,1,1,1,0,1
2188,1,1,1,1,1,1,1
2189,1,0,1,0,1,0,1
2190,0,0,0,0,0,0,0
2191,1,0,1,1,1,0,1
2192,1,0,1,0,0,0,1
2193,1,0,0,0,0,0,0
2194,1,0,1,0,0,0,1
2195,1,0,0,0,0,0,0
2196,1,0,1,0,1,0,1
2197,1,0,1,0,1,0,1
2198,1,0,0,0,0,0,0
2199,1,0,1,0,1,0,1
2200,1,0,1,1,1,0,1
2201,1,0,0,0,0,0,0
2202,1,0,0,0,0,0,1
2203,1,0,0,0,0,0,0
2204,1,0,1,1,1,0,1
2205,1,0,0,0,0,0,0
2206,1,0,1,0,1,0,1
2207,1,0,0,0,0,0,1
2208,1,0,1,1,1,0,1
2209,1,0,1,1,1,0,1
2210,1,0,0,0,0,0,0
2211,1,0,0,0,0,0,0
2212,1,0,0,1,0,0,1
2213,1,0,1,1,0,0,1
2214,1,1,1,1,1,1,1
2215,0,0,0,0,0,0,0
2216,1,0,0,0,1,0,1
2217,0,0,0,0,0,0,0
2218,1,0,1,1,1,0,1
2219,1,0,1,0,0,0,1
2220,1,0,1,0,1,0,1
2221,1,0,1,0,1,0,1
2222,0,0,0,0,0,0,0
2223,0,0,0,0,0,0,0
2224,1,0,0,0,0,0,0
2225,1,0,0,0,0,0,0
2226,0,0,0,0,0,0,0
2227,1,0,0,0,0,0,0
2228,1,0,0,0,0,0,0
2229,1,0,1,0,0,0,0
2230,1,0,0,0,0,0,0
2231,1,0,1,0,0,0,1
2232,1,0,0,1,0,0,1
2233,1,0,0,0,0,0,0
2234,0,0,0,0,0,0,0
2235,1,0,0,0,0,0,0
2236,0,0,0,0,0,0,0
2237,0,0,0,0,0,0,0
2238,1,0,1,0,0,0,1
2239,0,0,0,0,0,0,0
2240,1,0,0,0,0,0,0
2241,1,0,0,0,0,0,0
2242,0,0,0,0,0,0,0
2243,1,0,1,0,1,0,1
2244,1,0,1,0,0,0,1
2245,0,0,0,0,0,0,0
2246,0,0,0,0,0,0,0
2247,1,0,1,0,0,0,1
2248,0,0,0,0,0,0,0
2249,1,0,0,0,0,0,0
2250,1,0,0,0,0,0,0
2251,0,0,0,0,0,0,0
2252,1,0,0,0,0,0,0
2253,1,0,0,0,0,0,0
2254,1,0,1,0,0,0,1
2255,1,0,1,0,0,0,1
2256,1,0,0,0,0,0,0
2257,1,0,1,0,1,0,1
2258,0,0,0,0,0,0,0
2259,1,0,0,0,0,0,0
2260,0,0,0,0,0,0,0
2261,1,0,1,0,0,0,1
2262,0,0,0,0,0,0,0
2263,1,0,1,0,1,1,1
2264,1,0,1,0,1,0,1
2265,1,0,0,0,0,0,0
2266,1,0,0,0,0,0,0
2267,1,0,0,0,0,0,0
2268,1,0,0,0,0,0,0
2269,0,0,0,0,0,0,0
2270,1,0,1,0,1,0,1
2271,1,0,1,0,0,0,1
2272,1,0,1,0,0,0,0
2273,1,0,1,0,0,0,1
2274,0,0,0,0,0,0,0
2275,1,0,0,0,0,0,0
2276,1,0,0,0,0,0,0
2277,1,0,0,0,0,0,0
2278,0,0,0,0,0,0,0
2279,1,1,1,1,1,1,1
2280,1,0,0,0,0,0,0
2281,1,0,0,0,0,0,0
2282,1,0,0,0,0,0,0
2283,1,0,0,0,0,0,0
2284,1,0,0,0,0,0,0
2285,0,0,0,0,0,0,0
2286,1,0,0,0,0,0,0
2287,0,0,0,0,0,0,0
2288,0,0,0,0,0,0,0
2289,0,0,0,0,0,0,0
2290,0,0,0,0,0,0,0
2291,1,0,0,0,0,0,0
2292,1,0,0,0,0,0,0
2293,1,0,0,0,0,0,0
2294,0,0,0,0,0,0,0
2295,0,0,0,0,0,0,0
2296,0,0,0,0,0,0,0
2297,0,0,0,0,0,0,0
2298,0,0,0,0,0,0,0
2299,1,0,0,0,0,0,0
2300,0,0,0,0,0,0,0
2301,1,0,1,0,0,0,0
2302,0,0,0,0,0,0,0
2303,1,0,0,0,0,0,0
2304,1,0,0,0,1,0,1
2305,0,0,0,0,0,0,0
2306,1,0,1,0,0,0,0
2307,0,0,0,0,0,0,0
2308,1,0,1,0,0,0,0
2309,1,0,0,0,1,0,0
2310,0,0,0,0,0,0,0
2311,0,0,0,0,0,0,0
2312,0,0,0,0,0,0,0
2313,0,0,0,0,0,0,0
2314,0,0,0,0,0,0,0
2315,0,0,0,0,0,0,0
2316,0,0,0,0,0,0,0
2317,0,0,0,0,0,0,0
2318,0,0,0,0,0,0,0
2319,0,0,0,0,0,0,0
2320,0,0,0,0,0,0,0
2321,0,0,0,0,0,0,0
2322,0,0,0,0,0,0,0
2323,0,0,0,0,0,0,0
2324,1,0,0,0,0,0,0
2325,0,0,0,0,0,0,0
2326,0,0,0,0,0,0,0
2327,0,0,0,0,0,0,0
2328,0,0,0,0,0,0,0
2329,0,0,0,0,0,0,0
2330,0,0,0,0,0,0,0
2331,0,0,0,0,0,0,0
2332,0,0,0,0,0,0,0
2333,1,0,0,0,0,0,0
2334,0,0,0,0,0,0,0
2335,1,0,0,0,0,0,0
2336,1,0,0,0,0,0,0
2337,0,0,0,0,0,0,0
2338,1,0,0,0,0,0,0
2339,0,0,0,0,0,0,0
2340,0,0,0,0,0,0,0
2341,1,0,0,0,0,0,0
2342,0,0,0,0,0,0,0
2343,1,0,1,0,0,0,1
2344,0,0,0,0,0,0,0
2345,0,0,0,0,0,0,0
2346,0,0,0,0,0,0,0
2347,0,0,0,0,0,0,0
2348,0,0,0,0,0,0,0
2349,1,0,0,0,0,0,0
2350,0,0,0,0,0,0,0
2351,1,0,0,0,0,0,0
2352,0,0,0,0,0,0,0
2353,0,0,0,0,0,0,0
2354,0,0,0,0,0,0,0
2355,0,0,0,0,0,0,0
2356,0,0,0,0,0,0,0
2357,0,0,0,0,0,0,0
2358,0,0,0,0,0,0,0
2359,0,0,0,0,0,0,0
2360,1,0,0,0,0,0,0
2361,0,0,0,0,0,0,0
2362,1,0,0,0,0,0,0
2363,0,0,0,0,0,0,0
2364,0,0,0,0,0,0,0
2365,0,0,0,0,0,0,0
2366,1,0,0,0,0,0,1
2367,0,0,0,0,0,0,0
2368,0,0,0,0,0,0,0
2369,0,0,0,0,0,0,0
2370,1,0,0,0,0,0,0
2371,1,0,0,0,0,0,0
2372,0,0,0,0,0,0,0
2373,0,0,0,0,0,0,0
2374,0,0,0,0,0,0,0
2375,0,0,0,0,0,0,0
2376,1,0,1,0,0,0,1
2377,0,0,0,0,0,0,0
2378,1,0,0,0,0,0,0
2379,0,0,0,0,0,0,0
2380,0,0,0,0,0,0,0
2381,0,0,0,0,0,0,0
2382,1,0,0,0,0,0,0
2383,0,0,0,0,0,0,0
2384,0,0,0,0,0,0,0
2385,0,0,0,0,0,0,0
2386,0,0,0,0,0,0,0
2387,0,0,0,0,0,0,0
2388,0,0,0,0,0,0,0
2389,0,0,0,0,0,0,0
2390,0,0,0,0,0,0,0
2391,1,0,0,0,0,0,0
2392,0,0,0,0,0,0,0
2393,0,0,0,0,0,0,0
2394,0,0,0,0,0,0,0
2395,0,0,0,0,0,0,0
2396,0,0,0,0,0,0,0
2397,0,0,0,0,0,0,0
2398,0,0,0,0,0,0,0
2399,0,0,0,0,0,0,0
2400,0,0,0,0,0,0,0
2401,0,0,0,0,0,0,0
2402,1,0,0,0,0,0,0
2403,0,0,0,0,0,0,0
2404,0,0,0,0,0,0,0
2405,0,0,0,0,0,0,0
2406,0,0,0,0,0,0,0
2407,0,0,0,0,0,0,0
2408,0,0,0,0,0,0,0
2409,0,0,0,0,0,0,0
2410,0,0,0,0,0,0,0
2411,1,0,0,0,0,0,0
2412,0,0,0,0,0,0,0
2413,1,0,0,0,0,0,0
2414,0,0,0,0,0,0,0
2415,0,0,0,0,0,0,0
2416,0,0,0,0,0,0,0
2417,0,0,0,0,0,0,0
2418,0,0,0,0,0,0,0
2419,0,0,0,0,0,0,0
2420,0,0,0,0,0,0,0
2421,0,0,0,0,0,0,0
2422,0,0,0,0,0,0,0
2423,1,0,1,0,0,0,0
2424,1,0,0,0,0,0,0
2425,0,0,0,0,0,0,0
2426,0,0,0,0,0,0,0
2427,0,0,0,0,0,0,0
2428,0,0,0,0,0,0,0
2429,1,0,0,0,0,0,0
2430,0,0,0,0,0,0,0
2431,0,0,0,0,0,0,0
2432,0,0,0,0,0,0,0
2433,1,0,1,0,0,0,1
2434,0,0,0,0,0,0,0
2435,0,0,0,0,0,0,0
2436,0,0,0,0,0,0,0
2437,0,0,0,0,0,0,0
2438,1,0,0,0,0,0,0
2439,1,0,0,0,0,0,0
2440,1,0,0,0,0,0,0
2441,0,0,0,0,0,0,0
2442,0,0,0,0,0,0,0
2443,1,0,1,0,0,0,0
2444,0,0,0,0,0,0,0
2445,1,0,0,0,0,0,0
2446,0,0,0,0,0,0,0
2447,0,0,0,0,0,0,0
2448,0,0,0,0,0,0,0
2449,0,0,0,0,0,0,0
2450,1,0,0,0,0,0,0
2451,1,0,0,0,0,0,0
2452,1,0,1,0,0,0,0
2453,0,0,0,0,0,0,0
2454,0,0,0,0,0,0,0
2455,0,0,0,0,0,0,0
2456,0,0,0,0,0,0,0
2457,0,0,0,0,0,0,0
2458,1,0,1,0,0,0,1
2459,1,0,0,0,0,0,0
2460,0,0,0,0,0,0,0
2461,1,0,1,0,0,0,1
2462,1,0,0,0,0,0,0
2463,0,0,0,0,0,0,0
2464,1,0,0,0,0,0,0
2465,1,0,0,0,0,0,1
2466,0,0,0,0,0,0,0
2467,1,0,0,1,0,0,1
2468,0,0,0,0,0,0,0
2469,1,0,0,0,0,0,0
2470,1,0,0,0,0,0,0
2471,0,0,0,0,0,0,0
2472,1,0,0,0,0,0,1
2473,0,0,0,0,0,0,0
2474,1,0,0,0,0,0,0
2475,1,0,0,0,0,0,0
2476,1,0,0,0,0,0,0
2477,1,0,1,0,0,0,0
2478,1,0,0,0,0,0,0
2479,1,0,0,0,1,0,1
2480,1,0,0,0,0,0,0
2481,0,0,0,0,0,0,0
2482,0,0,0,0,0,0,0
2483,1,0,0,0,0,0,0
2484,1,0,0,0,0,0,0
2485,0,0,0,0,0,0,0
2486,1,0,1,0,0,0,1
2487,0,0,0,0,0,0,0
2488,0,0,0,0,0,0,0
2489,1,0,0,0,0,0,0
2490,1,0,0,0,0,0,0
2491,0,0,0,0,0,0,0
2492,1,0,0,0,0,0,1
2493,0,0,0,0,0,0,0
2494,0,0,0,0,0,0,0
2495,1,0,0,0,0,0,0
2496,1,0,0,0,0,0,0
2497,0,0,0,0,0,0,0
2498,0,0,0,0,0,0,0
2499,0,0,0,0,0,0,0
2500,1,0,0,0,0,0,0
2501,0,0,0,0,0,0,0
2502,1,0,0,0,0,0,0
2503,1,0,0,0,0,0,0
2504,1,0,0,0,0,0,0
2505,0,0,0,0,0,0,0
2506,1,0,0,0,0,0,0
2507,1,0,0,0,0,0,0
2508,0,0,0,0,0,0,0
2509,0,0,0,0,0,0,0
2510,0,0,0,0,0,0,0
2511,1,0,0,0,0,0,0
2512,0,0,0,0,0,0,0
2513,1,0,0,0,0,0,1
2514,1,0,1,0,0,0,1
2515,0,0,0,0,0,0,0
2516,1,0,0,0,0,0,0
2517,0,0,0,0,0,0,0
2518,1,0,0,0,0,0,0
2519,0,0,0,0,0,0,0
2520,0,0,0,0,0,0,0
2521,1,0,1,0,0,0,1
2522,0,0,0,0,0,0,0
2523,1,0,0,0,0,0,1
2524,1,0,0,0,0,0,1
2525,1,0,0,0,0,0,0
2526,0,0,0,0,0,0,0
2527,0,0,0,0,0,0,0
2528,1,0,0,0,0,0,1
2529,0,0,0,0,0,0,0
2530,0,0,0,0,0,0,0
2531,0,0,0,0,0,0,0
2532,1,0,0,0,0,0,0
2533,0,0,0,0,0,0,0
2534,0,0,0,0,0,0,0
2535,0,0,0,0,0,0,0
2536,1,0,0,0,0,0,0
2537,0,0,0,0,0,0,0
2538,1,0,0,0,0,0,0
2539,1,0,0,0,0,0,0
2540,1,0,0,0,0,0,0
2541,1,0,0,0,0,0,1
2542,0,0,0,0,0,0,0
2543,1,0,0,0,0,0,0
2544,0,0,0,0,0,0,0
2545,1,0,0,0,0,0,0
2546,0,0,0,0,0,0,0
2547,1,0,0,0,0,0,0
2548,1,0,1,0,0,0,1
2549,0,0,0,0,0,0,0
2550,0,0,0,0,0,0,0
2551,0,0,0,0,0,0,0
2552,1,0,0,0,0,0,0
2553,0,0,0,0,0,0,0
2554,0,0,0,0,0,0,0
2555,0,0,0,0,0,0,0
2556,0,0,0,0,0,0,0
2557,0,0,0,0,0,0,0
2558,0,0,0,0,0,0,0
2559,0,0,0,0,0,0,0
2560,1,0,0,0,0,0,0
2561,1,0,0,0,0,0,0
2562,0,0,0,0,0,0,0
2563,0,0,0,0,0,0,0
2564,1,0,0,0,0,0,1
2565,1,0,0,0,0,0,0
2566,1,0,1,0,0,0,1
2567,1,0,0,0,0,0,0
2568,0,0,0,0,0,0,0
2569,1,0,0,0,1,0,0
2570,1,0,0,0,0,0,0
2571,1,0,0,0,0,0,0
2572,0,0,0,0,0,0,0
2573,0,0,0,0,0,0,0
2574,0,0,0,0,0,0,0
2575,0,0,0,0,0,0,0
2576,0,0,0,0,0,0,0
2577,0,0,0,0,0,0,0
2578,0,0,0,0,0,0,0
2579,1,0,1,0,0,0,1
2580,1,0,1,0,0,0,1
2581,0,0,0,0,0,0,0
2582,1,0,1,0,0,0,1
2583,0,0,0,0,0,0,0
2584,1,0,0,0,0,0,0
2585,0,0,0,0,0,0,0
2586,0,0,0,0,0,0,0
2587,0,0,0,0,0,0,0
2588,0,0,0,0,0,0,0
2589,0,0,0,0,0,0,0
2590,0,0,0,0,0,0,0
2591,0,0,0,0,0,0,0
2592,0,0,0,0,0,0,0
2593,1,0,1,0,0,0,1
2594,0,0,0,0,0,0,0
2595,0,0,0,0,0,0,0
2596,0,0,0,0,0,0,0
2597,0,0,0,0,0,0,0
2598,1,0,0,0,0,0,0
2599,1,0,0,0,0,0,0
2600,0,0,0,0,0,0,0
2601,0,0,0,0,0,0,0
2602,0,0,0,0,0,0,0
2603,0,0,0,0,0,0,0
2604,0,0,0,0,0,0,0
2605,0,0,0,0,0,0,0
2606,0,0,0,0,0,0,0
2607,1,0,0,0,0,0,0
2608,0,0,0,0,0,0,0
2609,1,0,0,0,0,0,0
2610,1,0,0,0,0,0,0
2611,1,0,1,0,1,0,1
2612,1,0,0,0,0,0,1
2613,1,0,0,0,0,0,1
2614,0,0,0,0,0,0,0
2615,0,0,0,0,0,0,0
2616,1,0,1,0,0,0,1
2617,0,0,0,0,0,0,0
2618,0,0,0,0,0,0,0
2619,1,0,1,0,1,0,1
2620,1,0,1,0,0,0,1
2621,0,0,0,0,0,0,0
2622,1,0,0,0,0,0,0
2623,0,0,0,0,0,0,0
2624,0,0,0,0,0,0,0
2625,0,0,0,0,0,0,0
2626,1,0,0,0,0,0,0
2627,0,0,0,0,0,0,0
2628,0,0,0,0,0,0,0
2629,0,0,0,0,0,0,0
2630,0,0,0,0,0,0,0
2631,1,0,0,0,0,0,0
2632,0,0,0,0,0,0,0
2633,0,0,0,0,0,0,0
2634,0,0,0,0,0,0,0
2635,0,0,0,0,0,0,0
2636,1,0,0,0,0,0,0
2637,0,0,0,0,0,0,0
2638,1,0,0,0,0,0,0
2639,0,0,0,0,0,0,0
2640,0,0,0,0,0,0,0
2641,1,0,1,1,0,0,1
2642,1,0,0,0,0,0,0
2643,1,0,1,0,0,0,1
2644,1,0,1,0,0,0,0
2645,0,0,0,0,0,0,0
2646,0,0,0,0,0,0,0
2647,0,0,0,0,0,0,0
2648,1,0,1,1,0,0,0
2649,0,0,0,0,0,0,0
2650,1,0,1,1,0,0,1
2651,1,0,1,0,0,0,1
2652,1,0,1,0,0,0,0
2653,1,0,1,0,0,0,1
2654,0,0,0,0,0,0,0
2655,0,0,0,0,0,0,0
2656,0,0,0,0,0,0,0
2657,0,0,0,0,0,0,0
2658,0,0,0,0,0,0,0
2659,0,0,0,0,0,0,0
2660,1,0,0,0,0,0,0
2661,0,0,0,0,0,0,0
2662,1,0,0,0,1,0,1
2663,0,0,0,0,0,0,0
2664,0,0,0,0,0,0,0
2665,0,0,0,0,0,0,0
2666,1,0,1,1,0,0,1
2667,1,0,0,1,1,0,1
2668,0,0,0,0,0,0,0
2669,1,1,1,1,1,1,1
2670,0,0,0,0,0,0,0
2671,1,0,0,1,0,0,1
2672,1,0,0,1,0,0,0
2673,1,0,1,0,0,0,1
2674,1,0,0,1,0,0,1
2675,0,0,0,0,0,0,0
2676,0,0,0,0,0,0,0
2677,1,0,1,1,1,0,1
2678,0,0,0,0,0,0,0
2679,0,0,0,0,0,0,0
2680,1,0,0,0,0,0,0
2681,1,0,0,1,0,0,0
2682,0,0,0,0,0,0,0
2683,1,0,0,0,0,0,0
2684,0,0,0,0,0,0,0
2685,0,0,0,0,0,0,0
2686,0,0,0,0,0,0,0
2687,0,0,0,0,0,0,0
2688,0,0,0,0,0,0,0
2689,0,0,0,0,0,0,0
2690,1,0,0,0,0,0,0
2691,0,0,0,0,0,0,0
2692,0,0,0,0,0,0,0
2693,0,0,0,0,0,0,0
2694,0,0,0,0,0,0,0
2695,0,0,0,0,0,0,0
2696,0,0,0,0,0,0,0
2697,1,0,1,1,0,0,1
2698,0,0,0,0,0,0,0
2699,0,0,0,0,0,0,0
2700,0,0,0,0,0,0,0
2701,1,0,0,0,1,0,0
2702,0,0,0,0,0,0,0
2703,0,0,0,0,0,0,0
2704,0,0,0,0,0,0,0
2705,0,0,0,0,0,0,0
2706,0,0,0,0,0,0,0
2707,0,0,0,0,0,0,0
2708,0,0,0,0,0,0,0
2709,1,0,0,0,0,0,0
2710,1,0,0,0,0,0,0
2711,0,0,0,0,0,0,0
2712,0,0,0,0,0,0,0
2713,0,0,0,0,0,0,0
2714,0,0,0,0,0,0,0
2715,0,0,0,0,0,0,0
2716,0,0,0,0,0,0,0
2717,0,0,0,0,0,0,0
2718,0,0,0,0,0,0,0
2719,0,0,0,0,0,0,0
2720,0,0,0,0,0,0,0
2721,0,0,0,0,0,0,0
2722,0,0,0,0,0,0,0
2723,0,0,0,0,0,0,0
2724,0,0,0,0,0,0,0
2725,0,0,0,0,0,0,0
2726,0,0,0,0,0,0,0
2727,0,0,0,0,0,0,0
2728,1,0,0,0,0,0,1
2729,0,0,0,0,0,0,0
2730,0,0,0,0,0,0,0
2731,0,0,0,0,0,0,0
2732,0,0,0,0,0,0,0
2733,0,0,0,0,0,0,0
2734,0,0,0,0,0,0,0
2735,0,0,0,0,0,0,0
2736,0,0,0,0,0,0,0
2737,0,0,0,0,0,0,0
2738,0,0,0,0,0,0,0
2739,0,0,0,0,0,0,0
2740,0,0,0,0,0,0,0
2741,0,0,0,0,0,0,0
2742,1,0,0,0,1,0,1
2743,1,0,0,0,0,0,0
2744,0,0,0,0,0,0,0
2745,1,0,0,0,0,0,0
2746,0,0,0,0,0,0,0
2747,0,0,0,0,0,0,0
2748,0,0,0,0,0,0,0
2749,0,0,0,0,0,0,0
2750,0,0,0,0,0,0,0
2751,0,0,0,0,0,0,0
2752,0,0,0,0,0,0,0
2753,0,0,0,0,0,0,0
2754,0,0,0,0,0,0,0
2755,0,0,0,0,0,0,0
2756,0,0,0,0,0,0,0
2757,0,0,0,0,0,0,0
2758,0,0,0,0,0,0,0
2759,0,0,0,0,0,0,0
2760,0,0,0,0,0,0,0
2761,0,0,0,0,0,0,0
2762,0,0,0,0,0,0,0
2763,0,0,0,0,0,0,0
2764,0,0,0,0,0,0,0
2765,0,0,0,0,0,0,0
2766,0,0,0,0,0,0,0
2767,0,0,0,0,0,0,0
2768,0,0,0,0,0,0,0
2769,0,0,0,0,0,0,0
2770,0,0,0,0,0,0,0
2771,0,0,0,0,0,0,0
2772,0,0,0,0,0,0,0
2773,0,0,0,0,0,0,0
2774,0,0,0,0,0,0,0
2775,0,0,0,0,0,0,0
2776,0,0,0,0,0,0,0
2777,0,0,0,0,0,0,0
2778,0,0,0,0,0,0,0
2779,0,0,0,0,0,0,0
2780,0,0,0,0,0,0,0
2781,0,0,0,0,0,0,0
2782,0,0,0,0,0,0,0
2783,0,0,0,0,0,0,0
2784,0,0,0,0,0,0,0
2785,1,0,0,0,1,0,1
2786,1,0,0,0,1,0,1
2787,0,0,0,0,0,0,0
2788,0,0,0,0,0,0,0
2789,0,0,0,0,0,0,0
2790,0,0,0,0,0,0,0
2791,0,0,0,0,0,0,0
2792,0,0,0,0,0,0,0
2793,0,0,0,0,0,0,0
2794,0,0,0,0,0,0,0
2795,0,0,0,0,0,0,0
2796,0,0,0,0,0,0,0
2797,0,0,0,0,0,0,0
2798,0,0,0,0,0,0,0
2799,0,0,0,0,0,0,0
2800,0,0,0,0,0,0,0
2801,0,0,0,0,0,0,0
2802,0,0,0,0,0,0,0
2803,0,0,0,0,0,0,0
2804,0,0,0,0,0,0,0
2805,0,0,0,0,0,0,0
2806,0,0,0,0,0,0,0
2807,1,0,0,0,0,0,0
2808,0,0,0,0,0,0,0
2809,1,0,1,0,0,0,1
2810,0,0,0,0,0,0,0
2811,0,0,0,0,0,0,0
2812,0,0,0,0,0,0,0
2813,0,0,0,0,0,0,0
2814,1,0,0,0,0,0,0
2815,1,0,0,0,1,0,1
2816,0,0,0,0,0,0,0
2817,0,0,0,0,0,0,0
2818,0,0,0,0,0,0,0
2819,0,0,0,0,0,0,0
